project	service	units
0	0	55
0	1	24
0	2	41
0	3	45
0	4	71
0	5	19
0	6	38
0	7	77
0	8	64
0	9	29
1	0	47
1	1	37
1	2	54
1	3	56
1	4	90
1	5	20
1	6	31
1	7	78
1	8	40
1	9	39
2	0	34
2	1	32
2	2	34
2	3	45
2	4	90
2	5	37
2	6	23
2	7	74
2	8	81
2	9	50
3	0	50
3	1	49
3	2	80
3	3	37
3	4	90
3	5	39
3	6	25
3	7	40
3	8	35
3	9	56
4	0	30
4	1	38
4	2	66
4	3	25
4	4	52
4	5	25
4	6	15
4	7	63
4	8	42
4	9	52
5	0	37
5	1	55
5	2	78
5	3	42
5	4	80
5	5	25
5	6	22
5	7	66
5	8	32
5	9	46
6	0	53
6	1	32
6	2	40
6	3	38
6	4	50
6	5	18
6	6	40
6	7	81
6	8	48
6	9	41
7	0	46
7	1	32
7	2	51
7	3	46
7	4	90
7	5	20
7	6	16
7	7	72
7	8	65
7	9	34
8	0	42
8	1	25
8	2	41
8	3	60
8	4	87
8	5	15
8	6	19
8	7	45
8	8	75
8	9	29
9	0	48
9	1	26
9	2	37
9	3	43
9	4	69
9	5	30
9	6	15
9	7	66
9	8	36
9	9	57
10	0	23
10	1	39
10	2	90
10	3	49
10	4	89
10	5	17
10	6	39
10	7	56
10	8	64
10	9	60
11	0	42
11	1	24
11	2	71
11	3	44
11	4	43
11	5	44
11	6	40
11	7	44
11	8	60
11	9	56
12	0	45
12	1	39
12	2	34
12	3	55
12	4	35
12	5	31
12	6	20
12	7	50
12	8	62
12	9	38
13	0	34
13	1	36
13	2	54
13	3	23
13	4	89
13	5	29
13	6	18
13	7	80
13	8	44
13	9	36
14	0	24
14	1	48
14	2	60
14	3	34
14	4	61
14	5	25
14	6	27
14	7	52
14	8	86
14	9	27
15	0	57
15	1	66
15	2	55
15	3	57
15	4	71
15	5	39
15	6	16
15	7	59
15	8	86
15	9	58
16	0	53
16	1	47
16	2	87
16	3	25
16	4	45
16	5	38
16	6	25
16	7	61
16	8	52
16	9	23
17	0	30
17	1	63
17	2	73
17	3	22
17	4	43
17	5	32
17	6	36
17	7	51
17	8	53
17	9	62
18	0	42
18	1	22
18	2	83
18	3	56
18	4	79
18	5	35
18	6	23
18	7	77
18	8	69
18	9	33
19	0	34
19	1	64
19	2	41
19	3	41
19	4	44
19	5	36
19	6	18
19	7	34
19	8	64
19	9	62
20	0	24
20	1	26
20	2	47
20	3	51
20	4	45
20	5	29
20	6	27
20	7	75
20	8	43
20	9	35
21	0	24
21	1	26
21	2	71
21	3	20
21	4	67
21	5	37
21	6	18
21	7	47
21	8	37
21	9	44
22	0	47
22	1	27
22	2	49
22	3	53
22	4	95
22	5	23
22	6	16
22	7	74
22	8	31
22	9	57
23	0	21
23	1	64
23	2	68
23	3	41
23	4	64
23	5	18
23	6	45
23	7	42
23	8	69
23	9	29
24	0	43
24	1	35
24	2	49
24	3	27
24	4	98
24	5	39
24	6	27
24	7	78
24	8	79
24	9	33
25	0	42
25	1	38
25	2	32
25	3	29
25	4	85
25	5	40
25	6	32
25	7	64
25	8	43
25	9	58
26	0	34
26	1	63
26	2	79
26	3	23
26	4	51
26	5	25
26	6	16
26	7	58
26	8	85
26	9	40
27	0	25
27	1	52
27	2	51
27	3	59
27	4	39
27	5	20
27	6	24
27	7	82
27	8	46
27	9	48
28	0	46
28	1	32
28	2	76
28	3	33
28	4	37
28	5	24
28	6	27
28	7	28
28	8	64
28	9	27
29	0	44
29	1	48
29	2	32
29	3	45
29	4	71
29	5	26
29	6	42
29	7	57
29	8	52
29	9	29
30	0	23
30	1	54
30	2	76
30	3	27
30	4	33
30	5	34
30	6	44
30	7	79
30	8	68
30	9	62
31	0	43
31	1	49
31	2	66
31	3	28
31	4	88
31	5	32
31	6	37
31	7	30
31	8	64
31	9	62
32	0	31
32	1	66
32	2	67
32	3	54
32	4	50
32	5	15
32	6	40
32	7	32
32	8	72
32	9	28
33	0	33
33	1	58
33	2	72
33	3	23
33	4	85
33	5	15
33	6	31
33	7	71
33	8	58
33	9	54
34	0	34
34	1	25
34	2	75
34	3	35
34	4	53
34	5	21
34	6	35
34	7	75
34	8	52
34	9	45
35	0	47
35	1	23
35	2	37
35	3	56
35	4	93
35	5	32
35	6	16
35	7	36
35	8	31
35	9	55
36	0	37
36	1	34
36	2	48
36	3	34
36	4	95
36	5	36
36	6	18
36	7	39
36	8	43
36	9	31
37	0	38
37	1	52
37	2	43
37	3	28
37	4	43
37	5	27
37	6	35
37	7	33
37	8	40
37	9	60
38	0	44
38	1	30
38	2	36
38	3	25
38	4	95
38	5	41
38	6	15
38	7	34
38	8	82
38	9	38
39	0	48
39	1	45
39	2	80
39	3	53
39	4	87
39	5	37
39	6	20
39	7	51
39	8	39
39	9	39
40	0	44
40	1	43
40	2	76
40	3	59
40	4	80
40	5	35
40	6	42
40	7	51
40	8	86
40	9	39
41	0	33
41	1	42
41	2	46
41	3	38
41	4	41
41	5	29
41	6	24
41	7	29
41	8	80
41	9	21
42	0	37
42	1	60
42	2	52
42	3	41
42	4	51
42	5	18
42	6	15
42	7	57
42	8	54
42	9	29
43	0	41
43	1	66
43	2	36
43	3	48
43	4	91
43	5	34
43	6	44
43	7	28
43	8	57
43	9	53
44	0	55
44	1	39
44	2	40
44	3	55
44	4	42
44	5	31
44	6	45
44	7	48
44	8	35
44	9	24
45	0	28
45	1	58
45	2	48
45	3	37
45	4	53
45	5	34
45	6	40
45	7	35
45	8	80
45	9	37
46	0	29
46	1	47
46	2	42
46	3	50
46	4	75
46	5	37
46	6	30
46	7	45
46	8	69
46	9	25
47	0	39
47	1	29
47	2	35
47	3	34
47	4	72
47	5	44
47	6	33
47	7	60
47	8	71
47	9	55
48	0	24
48	1	59
48	2	57
48	3	24
48	4	52
48	5	29
48	6	21
48	7	81
48	8	41
48	9	49
49	0	39
49	1	25
49	2	87
49	3	31
49	4	97
49	5	40
49	6	40
49	7	38
49	8	46
49	9	62
50	0	56
50	1	55
50	2	87
50	3	27
50	4	45
50	5	25
50	6	45
50	7	30
50	8	69
50	9	51
51	0	50
51	1	58
51	2	62
51	3	46
51	4	51
51	5	35
51	6	22
51	7	68
51	8	60
51	9	56
52	0	42
52	1	51
52	2	55
52	3	20
52	4	35
52	5	17
52	6	15
52	7	73
52	8	72
52	9	41
53	0	28
53	1	32
53	2	48
53	3	21
53	4	98
53	5	34
53	6	17
53	7	64
53	8	72
53	9	49
54	0	45
54	1	59
54	2	46
54	3	32
54	4	93
54	5	18
54	6	36
54	7	35
54	8	61
54	9	33
55	0	37
55	1	43
55	2	67
55	3	26
55	4	99
55	5	38
55	6	23
55	7	30
55	8	65
55	9	54
56	0	33
56	1	51
56	2	63
56	3	51
56	4	44
56	5	42
56	6	32
56	7	75
56	8	31
56	9	23
57	0	25
57	1	28
57	2	59
57	3	37
57	4	46
57	5	26
57	6	35
57	7	39
57	8	41
57	9	27
58	0	34
58	1	60
58	2	63
58	3	44
58	4	44
58	5	32
58	6	23
58	7	32
58	8	42
58	9	23
59	0	50
59	1	57
59	2	83
59	3	53
59	4	44
59	5	42
59	6	42
59	7	28
59	8	65
59	9	32
60	0	54
60	1	41
60	2	82
60	3	34
60	4	61
60	5	22
60	6	33
60	7	73
60	8	42
60	9	39
61	0	45
61	1	53
61	2	51
61	3	51
61	4	47
61	5	39
61	6	26
61	7	43
61	8	28
61	9	29
62	0	49
62	1	33
62	2	76
62	3	34
62	4	41
62	5	20
62	6	25
62	7	68
62	8	43
62	9	39
63	0	24
63	1	36
63	2	61
63	3	48
63	4	69
63	5	31
63	6	36
63	7	58
63	8	35
63	9	46
64	0	23
64	1	44
64	2	30
64	3	40
64	4	99
64	5	21
64	6	17
64	7	71
64	8	41
64	9	20
65	0	37
65	1	65
65	2	86
65	3	54
65	4	81
65	5	19
65	6	34
65	7	68
65	8	67
65	9	27
66	0	51
66	1	42
66	2	53
66	3	33
66	4	53
66	5	26
66	6	43
66	7	44
66	8	45
66	9	48
67	0	26
67	1	65
67	2	50
67	3	28
67	4	44
67	5	41
67	6	29
67	7	51
67	8	67
67	9	31
68	0	26
68	1	40
68	2	46
68	3	38
68	4	79
68	5	32
68	6	32
68	7	41
68	8	75
68	9	46
69	0	57
69	1	38
69	2	77
69	3	40
69	4	95
69	5	44
69	6	18
69	7	77
69	8	34
69	9	25
70	0	35
70	1	66
70	2	32
70	3	42
70	4	75
70	5	18
70	6	36
70	7	45
70	8	70
70	9	37
71	0	37
71	1	65
71	2	56
71	3	54
71	4	74
71	5	34
71	6	20
71	7	71
71	8	30
71	9	28
72	0	35
72	1	22
72	2	57
72	3	21
72	4	43
72	5	23
72	6	36
72	7	43
72	8	37
72	9	51
73	0	45
73	1	24
73	2	47
73	3	48
73	4	75
73	5	22
73	6	43
73	7	52
73	8	74
73	9	59
74	0	44
74	1	57
74	2	37
74	3	29
74	4	80
74	5	38
74	6	26
74	7	57
74	8	60
74	9	58
75	0	50
75	1	26
75	2	34
75	3	46
75	4	41
75	5	34
75	6	39
75	7	27
75	8	84
75	9	38
76	0	37
76	1	37
76	2	37
76	3	22
76	4	89
76	5	17
76	6	43
76	7	73
76	8	54
76	9	61
77	0	40
77	1	58
77	2	72
77	3	38
77	4	51
77	5	16
77	6	36
77	7	72
77	8	67
77	9	54
78	0	41
78	1	64
78	2	41
78	3	50
78	4	44
78	5	18
78	6	31
78	7	70
78	8	28
78	9	45
79	0	54
79	1	50
79	2	38
79	3	42
79	4	57
79	5	34
79	6	33
79	7	58
79	8	84
79	9	44
80	0	24
80	1	51
80	2	76
80	3	37
80	4	61
80	5	37
80	6	26
80	7	65
80	8	48
80	9	62
81	0	22
81	1	58
81	2	69
81	3	57
81	4	79
81	5	38
81	6	17
81	7	36
81	8	43
81	9	43
82	0	23
82	1	35
82	2	60
82	3	59
82	4	49
82	5	43
82	6	36
82	7	54
82	8	60
82	9	53
83	0	21
83	1	30
83	2	89
83	3	58
83	4	75
83	5	20
83	6	21
83	7	71
83	8	31
83	9	56
84	0	52
84	1	36
84	2	45
84	3	25
84	4	61
84	5	36
84	6	31
84	7	36
84	8	61
84	9	34
85	0	53
85	1	54
85	2	40
85	3	55
85	4	72
85	5	43
85	6	38
85	7	33
85	8	83
85	9	31
86	0	32
86	1	54
86	2	80
86	3	34
86	4	73
86	5	38
86	6	28
86	7	80
86	8	44
86	9	60
87	0	39
87	1	54
87	2	64
87	3	44
87	4	72
87	5	25
87	6	17
87	7	74
87	8	68
87	9	22
88	0	20
88	1	39
88	2	74
88	3	41
88	4	45
88	5	38
88	6	17
88	7	44
88	8	63
88	9	51
89	0	33
89	1	65
89	2	44
89	3	28
89	4	88
89	5	40
89	6	27
89	7	44
89	8	48
89	9	22
90	0	30
90	1	36
90	2	63
90	3	35
90	4	54
90	5	43
90	6	22
90	7	66
90	8	58
90	9	54
91	0	55
91	1	39
91	2	37
91	3	24
91	4	59
91	5	15
91	6	27
91	7	74
91	8	58
91	9	51
92	0	42
92	1	28
92	2	62
92	3	46
92	4	50
92	5	38
92	6	35
92	7	36
92	8	50
92	9	37
93	0	42
93	1	54
93	2	55
93	3	48
93	4	80
93	5	14
93	6	44
93	7	50
93	8	60
93	9	38
94	0	28
94	1	50
94	2	40
94	3	47
94	4	61
94	5	44
94	6	24
94	7	76
94	8	76
94	9	45
95	0	24
95	1	61
95	2	46
95	3	31
95	4	75
95	5	21
95	6	35
95	7	31
95	8	39
95	9	47
96	0	44
96	1	51
96	2	45
96	3	30
96	4	67
96	5	41
96	6	29
96	7	40
96	8	65
96	9	20
97	0	47
97	1	30
97	2	51
97	3	53
97	4	80
97	5	27
97	6	44
97	7	48
97	8	53
97	9	39
98	0	56
98	1	33
98	2	57
98	3	50
98	4	65
98	5	17
98	6	25
98	7	37
98	8	55
98	9	56
99	0	40
99	1	53
99	2	79
99	3	46
99	4	71
99	5	39
99	6	31
99	7	70
99	8	60
99	9	38
100	0	21
100	1	35
100	2	35
100	3	30
100	4	51
100	5	40
100	6	33
100	7	51
100	8	28
100	9	45
101	0	32
101	1	32
101	2	60
101	3	59
101	4	85
101	5	44
101	6	45
101	7	61
101	8	84
101	9	45
102	0	31
102	1	57
102	2	52
102	3	31
102	4	48
102	5	25
102	6	18
102	7	73
102	8	67
102	9	57
103	0	50
103	1	56
103	2	40
103	3	32
103	4	47
103	5	18
103	6	43
103	7	37
103	8	59
103	9	33
104	0	31
104	1	34
104	2	62
104	3	23
104	4	91
104	5	17
104	6	31
104	7	64
104	8	83
104	9	43
105	0	31
105	1	53
105	2	71
105	3	57
105	4	90
105	5	41
105	6	39
105	7	45
105	8	64
105	9	60
106	0	19
106	1	31
106	2	32
106	3	31
106	4	62
106	5	34
106	6	45
106	7	40
106	8	43
106	9	40
107	0	19
107	1	51
107	2	55
107	3	32
107	4	99
107	5	28
107	6	32
107	7	77
107	8	74
107	9	33
108	0	35
108	1	35
108	2	38
108	3	50
108	4	83
108	5	26
108	6	29
108	7	45
108	8	32
108	9	21
109	0	46
109	1	60
109	2	73
109	3	52
109	4	39
109	5	38
109	6	26
109	7	56
109	8	69
109	9	43
110	0	23
110	1	46
110	2	79
110	3	31
110	4	62
110	5	40
110	6	33
110	7	53
110	8	64
110	9	28
111	0	24
111	1	60
111	2	52
111	3	55
111	4	64
111	5	20
111	6	30
111	7	33
111	8	34
111	9	48
112	0	40
112	1	41
112	2	78
112	3	44
112	4	73
112	5	35
112	6	15
112	7	53
112	8	53
112	9	51
113	0	41
113	1	31
113	2	80
113	3	34
113	4	49
113	5	33
113	6	36
113	7	79
113	8	65
113	9	40
114	0	41
114	1	65
114	2	37
114	3	41
114	4	39
114	5	32
114	6	36
114	7	44
114	8	56
114	9	48
115	0	39
115	1	58
115	2	77
115	3	53
115	4	61
115	5	33
115	6	39
115	7	59
115	8	37
115	9	30
116	0	21
116	1	53
116	2	85
116	3	32
116	4	94
116	5	23
116	6	44
116	7	46
116	8	78
116	9	32
117	0	27
117	1	40
117	2	76
117	3	53
117	4	87
117	5	25
117	6	37
117	7	68
117	8	83
117	9	58
118	0	28
118	1	48
118	2	88
118	3	50
118	4	35
118	5	30
118	6	22
118	7	82
118	8	41
118	9	36
119	0	53
119	1	60
119	2	37
119	3	41
119	4	98
119	5	32
119	6	26
119	7	53
119	8	67
119	9	26
120	0	40
120	1	46
120	2	82
120	3	43
120	4	42
120	5	17
120	6	20
120	7	67
120	8	78
120	9	25
121	0	46
121	1	39
121	2	46
121	3	29
121	4	38
121	5	15
121	6	42
121	7	69
121	8	56
121	9	38
122	0	32
122	1	65
122	2	46
122	3	21
122	4	53
122	5	33
122	6	36
122	7	34
122	8	77
122	9	60
123	0	25
123	1	32
123	2	71
123	3	41
123	4	91
123	5	27
123	6	38
123	7	31
123	8	46
123	9	38
124	0	45
124	1	34
124	2	38
124	3	59
124	4	55
124	5	41
124	6	18
124	7	34
124	8	39
124	9	26
125	0	55
125	1	45
125	2	38
125	3	25
125	4	68
125	5	42
125	6	30
125	7	39
125	8	50
125	9	50
126	0	21
126	1	44
126	2	68
126	3	48
126	4	92
126	5	39
126	6	20
126	7	66
126	8	30
126	9	53
127	0	29
127	1	29
127	2	68
127	3	26
127	4	39
127	5	33
127	6	41
127	7	78
127	8	37
127	9	48
128	0	34
128	1	24
128	2	45
128	3	23
128	4	64
128	5	32
128	6	24
128	7	59
128	8	69
128	9	61
129	0	37
129	1	61
129	2	86
129	3	28
129	4	81
129	5	18
129	6	15
129	7	80
129	8	81
129	9	51
130	0	46
130	1	38
130	2	44
130	3	51
130	4	99
130	5	35
130	6	35
130	7	59
130	8	35
130	9	33
131	0	24
131	1	24
131	2	54
131	3	32
131	4	84
131	5	34
131	6	17
131	7	82
131	8	81
131	9	34
132	0	55
132	1	42
132	2	30
132	3	60
132	4	69
132	5	26
132	6	36
132	7	72
132	8	83
132	9	22
133	0	21
133	1	33
133	2	48
133	3	36
133	4	37
133	5	32
133	6	40
133	7	77
133	8	65
133	9	38
134	0	23
134	1	59
134	2	46
134	3	53
134	4	93
134	5	37
134	6	40
134	7	82
134	8	48
134	9	25
135	0	50
135	1	33
135	2	74
135	3	21
135	4	52
135	5	20
135	6	34
135	7	62
135	8	69
135	9	45
136	0	27
136	1	46
136	2	72
136	3	48
136	4	84
136	5	31
136	6	32
136	7	72
136	8	38
136	9	29
137	0	24
137	1	24
137	2	64
137	3	29
137	4	68
137	5	41
137	6	27
137	7	60
137	8	85
137	9	62
138	0	55
138	1	49
138	2	79
138	3	36
138	4	78
138	5	26
138	6	41
138	7	32
138	8	28
138	9	50
139	0	54
139	1	27
139	2	90
139	3	53
139	4	35
139	5	20
139	6	26
139	7	29
139	8	69
139	9	27
140	0	37
140	1	47
140	2	83
140	3	51
140	4	70
140	5	44
140	6	23
140	7	79
140	8	58
140	9	43
141	0	49
141	1	49
141	2	40
141	3	45
141	4	77
141	5	27
141	6	22
141	7	41
141	8	43
141	9	57
142	0	39
142	1	35
142	2	72
142	3	36
142	4	93
142	5	31
142	6	29
142	7	58
142	8	54
142	9	26
143	0	53
143	1	54
143	2	57
143	3	34
143	4	93
143	5	24
143	6	44
143	7	52
143	8	36
143	9	60
144	0	47
144	1	49
144	2	79
144	3	22
144	4	49
144	5	44
144	6	15
144	7	69
144	8	43
144	9	40
145	0	40
145	1	35
145	2	57
145	3	23
145	4	52
145	5	25
145	6	37
145	7	59
145	8	40
145	9	44
146	0	32
146	1	32
146	2	37
146	3	57
146	4	72
146	5	44
146	6	29
146	7	62
146	8	82
146	9	48
147	0	39
147	1	35
147	2	41
147	3	30
147	4	48
147	5	43
147	6	29
147	7	74
147	8	76
147	9	33
148	0	56
148	1	61
148	2	37
148	3	54
148	4	75
148	5	15
148	6	38
148	7	36
148	8	30
148	9	31
149	0	21
149	1	28
149	2	84
149	3	32
149	4	67
149	5	39
149	6	29
149	7	42
149	8	65
149	9	32
150	0	53
150	1	36
150	2	88
150	3	21
150	4	57
150	5	26
150	6	27
150	7	38
150	8	46
150	9	54
151	0	27
151	1	61
151	2	70
151	3	57
151	4	35
151	5	28
151	6	30
151	7	35
151	8	28
151	9	48
152	0	30
152	1	55
152	2	42
152	3	59
152	4	54
152	5	28
152	6	44
152	7	69
152	8	30
152	9	34
153	0	32
153	1	46
153	2	45
153	3	53
153	4	73
153	5	38
153	6	40
153	7	78
153	8	52
153	9	50
154	0	55
154	1	63
154	2	66
154	3	29
154	4	36
154	5	17
154	6	32
154	7	77
154	8	30
154	9	55
155	0	40
155	1	54
155	2	91
155	3	32
155	4	77
155	5	21
155	6	18
155	7	39
155	8	49
155	9	38
156	0	53
156	1	49
156	2	46
156	3	44
156	4	70
156	5	40
156	6	18
156	7	82
156	8	67
156	9	23
157	0	41
157	1	66
157	2	59
157	3	39
157	4	43
157	5	37
157	6	44
157	7	48
157	8	35
157	9	29
158	0	32
158	1	36
158	2	51
158	3	40
158	4	98
158	5	40
158	6	43
158	7	80
158	8	70
158	9	61
159	0	54
159	1	44
159	2	38
159	3	53
159	4	46
159	5	35
159	6	29
159	7	71
159	8	32
159	9	53
160	0	22
160	1	31
160	2	58
160	3	47
160	4	87
160	5	20
160	6	43
160	7	75
160	8	31
160	9	21
161	0	53
161	1	65
161	2	78
161	3	42
161	4	62
161	5	20
161	6	27
161	7	41
161	8	82
161	9	30
162	0	39
162	1	40
162	2	36
162	3	43
162	4	85
162	5	39
162	6	19
162	7	73
162	8	42
162	9	56
163	0	47
163	1	28
163	2	49
163	3	29
163	4	41
163	5	30
163	6	28
163	7	68
163	8	34
163	9	23
164	0	42
164	1	30
164	2	65
164	3	51
164	4	44
164	5	41
164	6	42
164	7	77
164	8	43
164	9	42
165	0	19
165	1	45
165	2	60
165	3	51
165	4	73
165	5	23
165	6	45
165	7	79
165	8	31
165	9	43
166	0	42
166	1	66
166	2	57
166	3	20
166	4	35
166	5	23
166	6	19
166	7	72
166	8	67
166	9	29
167	0	39
167	1	44
167	2	50
167	3	51
167	4	87
167	5	19
167	6	28
167	7	69
167	8	32
167	9	25
168	0	48
168	1	61
168	2	42
168	3	31
168	4	55
168	5	37
168	6	17
168	7	68
168	8	34
168	9	31
169	0	51
169	1	55
169	2	57
169	3	60
169	4	45
169	5	23
169	6	22
169	7	33
169	8	86
169	9	35
170	0	28
170	1	65
170	2	31
170	3	25
170	4	51
170	5	21
170	6	37
170	7	37
170	8	56
170	9	49
171	0	52
171	1	49
171	2	31
171	3	45
171	4	81
171	5	31
171	6	26
171	7	56
171	8	49
171	9	48
172	0	52
172	1	33
172	2	65
172	3	39
172	4	60
172	5	20
172	6	18
172	7	72
172	8	43
172	9	27
173	0	39
173	1	27
173	2	34
173	3	36
173	4	51
173	5	26
173	6	43
173	7	34
173	8	84
173	9	56
174	0	21
174	1	53
174	2	48
174	3	56
174	4	45
174	5	24
174	6	44
174	7	73
174	8	84
174	9	37
175	0	41
175	1	55
175	2	43
175	3	51
175	4	53
175	5	18
175	6	22
175	7	56
175	8	79
175	9	60
176	0	28
176	1	63
176	2	76
176	3	40
176	4	89
176	5	17
176	6	37
176	7	79
176	8	45
176	9	31
177	0	28
177	1	63
177	2	34
177	3	21
177	4	74
177	5	29
177	6	28
177	7	82
177	8	65
177	9	46
178	0	25
178	1	47
178	2	49
178	3	42
178	4	97
178	5	32
178	6	34
178	7	75
178	8	52
178	9	55
179	0	26
179	1	57
179	2	70
179	3	55
179	4	83
179	5	15
179	6	41
179	7	39
179	8	38
179	9	40
180	0	20
180	1	26
180	2	31
180	3	40
180	4	67
180	5	27
180	6	20
180	7	71
180	8	56
180	9	37
181	0	58
181	1	53
181	2	77
181	3	53
181	4	64
181	5	36
181	6	25
181	7	51
181	8	53
181	9	44
182	0	35
182	1	63
182	2	84
182	3	22
182	4	99
182	5	29
182	6	41
182	7	47
182	8	44
182	9	53
183	0	49
183	1	57
183	2	35
183	3	58
183	4	49
183	5	43
183	6	18
183	7	35
183	8	82
183	9	40
184	0	42
184	1	35
184	2	51
184	3	22
184	4	83
184	5	40
184	6	19
184	7	37
184	8	28
184	9	62
185	0	44
185	1	36
185	2	43
185	3	24
185	4	53
185	5	23
185	6	45
185	7	75
185	8	82
185	9	25
186	0	55
186	1	58
186	2	79
186	3	40
186	4	56
186	5	33
186	6	40
186	7	35
186	8	31
186	9	51
187	0	44
187	1	25
187	2	43
187	3	45
187	4	92
187	5	32
187	6	25
187	7	62
187	8	86
187	9	21
188	0	49
188	1	54
188	2	91
188	3	45
188	4	94
188	5	19
188	6	22
188	7	28
188	8	45
188	9	49
189	0	28
189	1	48
189	2	85
189	3	34
189	4	59
189	5	18
189	6	37
189	7	31
189	8	29
189	9	30
190	0	41
190	1	38
190	2	90
190	3	46
190	4	93
190	5	30
190	6	26
190	7	73
190	8	46
190	9	62
191	0	33
191	1	40
191	2	74
191	3	27
191	4	53
191	5	33
191	6	28
191	7	71
191	8	32
191	9	48
192	0	25
192	1	66
192	2	79
192	3	31
192	4	67
192	5	26
192	6	25
192	7	49
192	8	42
192	9	45
193	0	30
193	1	59
193	2	73
193	3	47
193	4	49
193	5	39
193	6	37
193	7	69
193	8	28
193	9	61
194	0	22
194	1	54
194	2	37
194	3	24
194	4	77
194	5	33
194	6	37
194	7	69
194	8	77
194	9	40
195	0	55
195	1	44
195	2	88
195	3	27
195	4	95
195	5	15
195	6	37
195	7	42
195	8	56
195	9	47
196	0	31
196	1	47
196	2	90
196	3	50
196	4	85
196	5	26
196	6	22
196	7	58
196	8	63
196	9	49
197	0	58
197	1	33
197	2	33
197	3	25
197	4	59
197	5	21
197	6	20
197	7	59
197	8	54
197	9	61
198	0	26
198	1	47
198	2	78
198	3	34
198	4	45
198	5	40
198	6	35
198	7	28
198	8	83
198	9	50
199	0	46
199	1	49
199	2	85
199	3	24
199	4	48
199	5	25
199	6	21
199	7	82
199	8	50
199	9	48
200	0	23
200	1	46
200	2	86
200	3	28
200	4	69
200	5	16
200	6	36
200	7	70
200	8	44
200	9	60
201	0	24
201	1	65
201	2	59
201	3	35
201	4	96
201	5	20
201	6	39
201	7	76
201	8	47
201	9	37
202	0	20
202	1	39
202	2	37
202	3	38
202	4	58
202	5	39
202	6	17
202	7	59
202	8	71
202	9	56
203	0	49
203	1	44
203	2	71
203	3	48
203	4	53
203	5	40
203	6	35
203	7	35
203	8	59
203	9	43
204	0	39
204	1	52
204	2	60
204	3	28
204	4	37
204	5	19
204	6	32
204	7	66
204	8	78
204	9	35
205	0	47
205	1	44
205	2	45
205	3	22
205	4	67
205	5	33
205	6	43
205	7	72
205	8	30
205	9	33
206	0	30
206	1	61
206	2	90
206	3	53
206	4	53
206	5	25
206	6	36
206	7	66
206	8	39
206	9	26
207	0	53
207	1	66
207	2	59
207	3	53
207	4	63
207	5	44
207	6	22
207	7	59
207	8	50
207	9	34
208	0	57
208	1	44
208	2	74
208	3	24
208	4	86
208	5	29
208	6	40
208	7	39
208	8	31
208	9	55
209	0	36
209	1	61
209	2	71
209	3	55
209	4	57
209	5	28
209	6	35
209	7	70
209	8	55
209	9	21
210	0	39
210	1	29
210	2	37
210	3	26
210	4	45
210	5	29
210	6	16
210	7	32
210	8	76
210	9	43
211	0	49
211	1	65
211	2	82
211	3	55
211	4	50
211	5	27
211	6	28
211	7	40
211	8	71
211	9	40
212	0	48
212	1	30
212	2	77
212	3	60
212	4	47
212	5	43
212	6	25
212	7	33
212	8	38
212	9	37
213	0	42
213	1	42
213	2	60
213	3	43
213	4	73
213	5	31
213	6	33
213	7	60
213	8	74
213	9	36
214	0	25
214	1	47
214	2	61
214	3	27
214	4	63
214	5	27
214	6	21
214	7	80
214	8	69
214	9	44
215	0	21
215	1	43
215	2	46
215	3	23
215	4	89
215	5	30
215	6	31
215	7	34
215	8	52
215	9	51
216	0	25
216	1	48
216	2	32
216	3	20
216	4	34
216	5	23
216	6	35
216	7	53
216	8	79
216	9	47
217	0	29
217	1	59
217	2	86
217	3	54
217	4	49
217	5	37
217	6	34
217	7	56
217	8	72
217	9	34
218	0	27
218	1	46
218	2	65
218	3	29
218	4	94
218	5	25
218	6	16
218	7	81
218	8	29
218	9	52
219	0	39
219	1	65
219	2	38
219	3	58
219	4	79
219	5	24
219	6	16
219	7	67
219	8	71
219	9	33
220	0	51
220	1	46
220	2	62
220	3	38
220	4	35
220	5	25
220	6	28
220	7	73
220	8	65
220	9	36
221	0	36
221	1	32
221	2	59
221	3	45
221	4	69
221	5	22
221	6	31
221	7	73
221	8	63
221	9	54
222	0	20
222	1	29
222	2	58
222	3	54
222	4	81
222	5	38
222	6	42
222	7	75
222	8	52
222	9	32
223	0	22
223	1	22
223	2	88
223	3	42
223	4	82
223	5	42
223	6	31
223	7	36
223	8	35
223	9	41
224	0	49
224	1	54
224	2	49
224	3	53
224	4	41
224	5	30
224	6	31
224	7	72
224	8	42
224	9	30
225	0	49
225	1	44
225	2	43
225	3	53
225	4	90
225	5	36
225	6	40
225	7	28
225	8	67
225	9	59
226	0	33
226	1	65
226	2	45
226	3	56
226	4	57
226	5	26
226	6	30
226	7	59
226	8	48
226	9	32
227	0	45
227	1	66
227	2	44
227	3	41
227	4	65
227	5	39
227	6	43
227	7	77
227	8	28
227	9	35
228	0	34
228	1	55
228	2	88
228	3	49
228	4	45
228	5	14
228	6	30
228	7	47
228	8	60
228	9	37
229	0	19
229	1	31
229	2	39
229	3	37
229	4	48
229	5	16
229	6	29
229	7	29
229	8	70
229	9	54
230	0	28
230	1	61
230	2	63
230	3	53
230	4	37
230	5	22
230	6	26
230	7	44
230	8	50
230	9	33
231	0	27
231	1	23
231	2	55
231	3	23
231	4	60
231	5	31
231	6	16
231	7	82
231	8	75
231	9	35
232	0	26
232	1	57
232	2	31
232	3	24
232	4	80
232	5	27
232	6	32
232	7	34
232	8	79
232	9	37
233	0	23
233	1	25
233	2	45
233	3	38
233	4	95
233	5	17
233	6	20
233	7	69
233	8	76
233	9	61
234	0	46
234	1	44
234	2	49
234	3	21
234	4	59
234	5	33
234	6	31
234	7	41
234	8	82
234	9	45
235	0	39
235	1	41
235	2	74
235	3	50
235	4	49
235	5	23
235	6	16
235	7	66
235	8	48
235	9	31
236	0	26
236	1	66
236	2	31
236	3	59
236	4	44
236	5	32
236	6	37
236	7	59
236	8	43
236	9	41
237	0	39
237	1	65
237	2	62
237	3	48
237	4	98
237	5	23
237	6	19
237	7	79
237	8	35
237	9	40
238	0	32
238	1	32
238	2	66
238	3	30
238	4	64
238	5	39
238	6	44
238	7	46
238	8	74
238	9	59
239	0	32
239	1	55
239	2	62
239	3	43
239	4	54
239	5	30
239	6	29
239	7	51
239	8	37
239	9	45
240	0	36
240	1	58
240	2	40
240	3	25
240	4	67
240	5	32
240	6	39
240	7	68
240	8	29
240	9	56
241	0	42
241	1	46
241	2	79
241	3	52
241	4	73
241	5	20
241	6	27
241	7	76
241	8	31
241	9	58
242	0	58
242	1	44
242	2	80
242	3	23
242	4	39
242	5	39
242	6	33
242	7	59
242	8	52
242	9	30
243	0	38
243	1	59
243	2	43
243	3	22
243	4	91
243	5	43
243	6	40
243	7	77
243	8	39
243	9	30
244	0	39
244	1	36
244	2	41
244	3	47
244	4	67
244	5	41
244	6	24
244	7	82
244	8	56
244	9	43
245	0	49
245	1	34
245	2	31
245	3	50
245	4	83
245	5	21
245	6	43
245	7	58
245	8	46
245	9	61
246	0	20
246	1	50
246	2	58
246	3	55
246	4	55
246	5	24
246	6	36
246	7	66
246	8	60
246	9	29
247	0	23
247	1	33
247	2	86
247	3	31
247	4	83
247	5	17
247	6	19
247	7	44
247	8	28
247	9	28
248	0	43
248	1	28
248	2	37
248	3	39
248	4	37
248	5	23
248	6	45
248	7	61
248	8	83
248	9	42
249	0	26
249	1	28
249	2	72
249	3	25
249	4	53
249	5	25
249	6	25
249	7	63
249	8	55
249	9	49
250	0	27
250	1	48
250	2	91
250	3	31
250	4	71
250	5	38
250	6	37
250	7	57
250	8	52
250	9	31
251	0	45
251	1	37
251	2	46
251	3	47
251	4	73
251	5	27
251	6	32
251	7	66
251	8	75
251	9	60
252	0	37
252	1	63
252	2	43
252	3	45
252	4	93
252	5	18
252	6	35
252	7	28
252	8	86
252	9	53
253	0	49
253	1	30
253	2	56
253	3	29
253	4	60
253	5	18
253	6	44
253	7	79
253	8	57
253	9	33
254	0	51
254	1	30
254	2	62
254	3	25
254	4	58
254	5	38
254	6	43
254	7	34
254	8	48
254	9	30
255	0	23
255	1	55
255	2	31
255	3	53
255	4	69
255	5	33
255	6	45
255	7	67
255	8	35
255	9	25
256	0	55
256	1	45
256	2	52
256	3	23
256	4	81
256	5	23
256	6	44
256	7	63
256	8	79
256	9	29
257	0	30
257	1	24
257	2	35
257	3	37
257	4	59
257	5	17
257	6	43
257	7	74
257	8	72
257	9	48
258	0	48
258	1	65
258	2	42
258	3	33
258	4	61
258	5	36
258	6	19
258	7	58
258	8	61
258	9	51
259	0	41
259	1	66
259	2	38
259	3	46
259	4	69
259	5	32
259	6	23
259	7	51
259	8	34
259	9	35
260	0	49
260	1	30
260	2	58
260	3	55
260	4	89
260	5	18
260	6	33
260	7	59
260	8	77
260	9	28
261	0	34
261	1	48
261	2	68
261	3	29
261	4	78
261	5	36
261	6	23
261	7	68
261	8	34
261	9	26
262	0	43
262	1	50
262	2	77
262	3	35
262	4	73
262	5	40
262	6	32
262	7	37
262	8	42
262	9	58
263	0	56
263	1	59
263	2	44
263	3	55
263	4	50
263	5	23
263	6	42
263	7	31
263	8	29
263	9	57
264	0	24
264	1	46
264	2	63
264	3	21
264	4	74
264	5	25
264	6	45
264	7	41
264	8	64
264	9	61
265	0	55
265	1	62
265	2	69
265	3	25
265	4	60
265	5	38
265	6	43
265	7	53
265	8	30
265	9	50
266	0	47
266	1	57
266	2	72
266	3	27
266	4	75
266	5	35
266	6	29
266	7	51
266	8	80
266	9	49
267	0	37
267	1	64
267	2	41
267	3	45
267	4	34
267	5	31
267	6	31
267	7	63
267	8	56
267	9	26
268	0	27
268	1	24
268	2	89
268	3	21
268	4	61
268	5	38
268	6	39
268	7	66
268	8	36
268	9	22
269	0	42
269	1	36
269	2	60
269	3	40
269	4	54
269	5	24
269	6	35
269	7	54
269	8	47
269	9	39
270	0	32
270	1	28
270	2	41
270	3	57
270	4	91
270	5	35
270	6	43
270	7	58
270	8	58
270	9	62
271	0	35
271	1	65
271	2	32
271	3	34
271	4	77
271	5	32
271	6	22
271	7	36
271	8	48
271	9	30
272	0	30
272	1	25
272	2	61
272	3	26
272	4	95
272	5	40
272	6	40
272	7	51
272	8	79
272	9	48
273	0	23
273	1	39
273	2	57
273	3	21
273	4	77
273	5	18
273	6	29
273	7	57
273	8	54
273	9	52
274	0	24
274	1	53
274	2	39
274	3	43
274	4	39
274	5	26
274	6	19
274	7	59
274	8	69
274	9	43
275	0	41
275	1	52
275	2	73
275	3	33
275	4	71
275	5	39
275	6	40
275	7	77
275	8	38
275	9	24
276	0	29
276	1	58
276	2	52
276	3	26
276	4	59
276	5	40
276	6	21
276	7	69
276	8	40
276	9	56
277	0	30
277	1	28
277	2	77
277	3	27
277	4	65
277	5	18
277	6	45
277	7	56
277	8	61
277	9	44
278	0	32
278	1	46
278	2	49
278	3	22
278	4	52
278	5	20
278	6	19
278	7	60
278	8	78
278	9	43
279	0	40
279	1	39
279	2	46
279	3	39
279	4	57
279	5	26
279	6	37
279	7	32
279	8	57
279	9	40
280	0	22
280	1	48
280	2	51
280	3	35
280	4	44
280	5	44
280	6	22
280	7	37
280	8	36
280	9	55
281	0	29
281	1	38
281	2	60
281	3	25
281	4	93
281	5	24
281	6	22
281	7	57
281	8	83
281	9	55
282	0	24
282	1	60
282	2	66
282	3	29
282	4	61
282	5	23
282	6	40
282	7	62
282	8	71
282	9	30
283	0	19
283	1	66
283	2	89
283	3	29
283	4	75
283	5	19
283	6	30
283	7	33
283	8	54
283	9	33
284	0	24
284	1	61
284	2	34
284	3	35
284	4	50
284	5	39
284	6	16
284	7	61
284	8	35
284	9	38
285	0	52
285	1	63
285	2	43
285	3	59
285	4	37
285	5	23
285	6	38
285	7	51
285	8	74
285	9	49
286	0	32
286	1	44
286	2	46
286	3	59
286	4	42
286	5	44
286	6	36
286	7	76
286	8	85
286	9	20
287	0	32
287	1	50
287	2	49
287	3	20
287	4	81
287	5	15
287	6	41
287	7	29
287	8	36
287	9	56
288	0	21
288	1	49
288	2	41
288	3	29
288	4	63
288	5	15
288	6	28
288	7	56
288	8	30
288	9	28
289	0	33
289	1	23
289	2	61
289	3	40
289	4	80
289	5	26
289	6	37
289	7	31
289	8	69
289	9	54
290	0	39
290	1	39
290	2	55
290	3	35
290	4	49
290	5	39
290	6	15
290	7	52
290	8	48
290	9	34
291	0	56
291	1	59
291	2	79
291	3	23
291	4	97
291	5	33
291	6	17
291	7	58
291	8	32
291	9	57
292	0	19
292	1	64
292	2	60
292	3	49
292	4	81
292	5	32
292	6	15
292	7	77
292	8	39
292	9	37
293	0	20
293	1	61
293	2	49
293	3	51
293	4	51
293	5	42
293	6	37
293	7	62
293	8	56
293	9	55
294	0	42
294	1	49
294	2	90
294	3	46
294	4	45
294	5	28
294	6	22
294	7	43
294	8	59
294	9	57
295	0	37
295	1	37
295	2	79
295	3	26
295	4	43
295	5	26
295	6	33
295	7	46
295	8	72
295	9	31
296	0	19
296	1	63
296	2	46
296	3	53
296	4	39
296	5	19
296	6	39
296	7	36
296	8	85
296	9	51
297	0	31
297	1	66
297	2	64
297	3	54
297	4	33
297	5	27
297	6	22
297	7	59
297	8	80
297	9	47
298	0	57
298	1	29
298	2	91
298	3	41
298	4	77
298	5	41
298	6	32
298	7	76
298	8	74
298	9	45
299	0	53
299	1	31
299	2	78
299	3	48
299	4	79
299	5	26
299	6	22
299	7	69
299	8	86
299	9	49
300	0	28
300	1	49
300	2	66
300	3	46
300	4	68
300	5	29
300	6	22
300	7	49
300	8	57
300	9	35
301	0	45
301	1	37
301	2	36
301	3	59
301	4	57
301	5	32
301	6	43
301	7	67
301	8	40
301	9	56
302	0	39
302	1	52
302	2	81
302	3	29
302	4	64
302	5	30
302	6	21
302	7	52
302	8	59
302	9	34
303	0	51
303	1	43
303	2	52
303	3	50
303	4	57
303	5	19
303	6	29
303	7	38
303	8	40
303	9	43
304	0	55
304	1	54
304	2	49
304	3	56
304	4	47
304	5	39
304	6	43
304	7	60
304	8	84
304	9	38
305	0	46
305	1	61
305	2	80
305	3	55
305	4	44
305	5	25
305	6	27
305	7	31
305	8	86
305	9	26
306	0	54
306	1	24
306	2	88
306	3	29
306	4	61
306	5	41
306	6	39
306	7	69
306	8	40
306	9	26
307	0	44
307	1	50
307	2	35
307	3	42
307	4	89
307	5	23
307	6	39
307	7	42
307	8	79
307	9	51
308	0	54
308	1	62
308	2	90
308	3	42
308	4	91
308	5	23
308	6	43
308	7	37
308	8	81
308	9	30
309	0	28
309	1	55
309	2	61
309	3	51
309	4	83
309	5	14
309	6	36
309	7	75
309	8	50
309	9	44
310	0	38
310	1	32
310	2	43
310	3	41
310	4	47
310	5	24
310	6	19
310	7	64
310	8	29
310	9	39
311	0	44
311	1	42
311	2	51
311	3	28
311	4	49
311	5	31
311	6	40
311	7	63
311	8	63
311	9	28
312	0	27
312	1	45
312	2	65
312	3	27
312	4	40
312	5	16
312	6	35
312	7	34
312	8	28
312	9	60
313	0	53
313	1	52
313	2	46
313	3	25
313	4	49
313	5	33
313	6	25
313	7	53
313	8	31
313	9	60
314	0	46
314	1	60
314	2	57
314	3	58
314	4	33
314	5	44
314	6	43
314	7	68
314	8	48
314	9	55
315	0	58
315	1	26
315	2	31
315	3	55
315	4	97
315	5	19
315	6	44
315	7	76
315	8	82
315	9	51
316	0	58
316	1	22
316	2	83
316	3	57
316	4	93
316	5	39
316	6	16
316	7	31
316	8	37
316	9	25
317	0	33
317	1	66
317	2	38
317	3	50
317	4	69
317	5	42
317	6	23
317	7	73
317	8	38
317	9	33
318	0	48
318	1	40
318	2	86
318	3	39
318	4	44
318	5	27
318	6	24
318	7	46
318	8	63
318	9	45
319	0	35
319	1	62
319	2	86
319	3	46
319	4	84
319	5	15
319	6	29
319	7	61
319	8	85
319	9	25
320	0	56
320	1	51
320	2	38
320	3	37
320	4	74
320	5	27
320	6	22
320	7	82
320	8	74
320	9	45
321	0	28
321	1	54
321	2	37
321	3	23
321	4	75
321	5	30
321	6	20
321	7	53
321	8	56
321	9	32
322	0	30
322	1	26
322	2	91
322	3	58
322	4	80
322	5	31
322	6	43
322	7	61
322	8	62
322	9	41
323	0	55
323	1	49
323	2	49
323	3	22
323	4	50
323	5	43
323	6	19
323	7	31
323	8	75
323	9	28
324	0	48
324	1	49
324	2	63
324	3	55
324	4	45
324	5	18
324	6	26
324	7	72
324	8	48
324	9	38
325	0	30
325	1	28
325	2	60
325	3	30
325	4	59
325	5	28
325	6	28
325	7	61
325	8	53
325	9	30
326	0	54
326	1	24
326	2	81
326	3	56
326	4	33
326	5	16
326	6	31
326	7	27
326	8	85
326	9	47
327	0	26
327	1	31
327	2	40
327	3	34
327	4	35
327	5	29
327	6	35
327	7	60
327	8	45
327	9	36
328	0	53
328	1	30
328	2	70
328	3	31
328	4	42
328	5	28
328	6	36
328	7	53
328	8	74
328	9	42
329	0	54
329	1	40
329	2	58
329	3	23
329	4	40
329	5	27
329	6	31
329	7	66
329	8	38
329	9	45
330	0	40
330	1	32
330	2	79
330	3	56
330	4	99
330	5	33
330	6	24
330	7	75
330	8	48
330	9	47
331	0	51
331	1	64
331	2	34
331	3	38
331	4	70
331	5	15
331	6	19
331	7	41
331	8	73
331	9	52
332	0	48
332	1	30
332	2	85
332	3	39
332	4	39
332	5	37
332	6	37
332	7	51
332	8	71
332	9	50
333	0	52
333	1	42
333	2	40
333	3	54
333	4	97
333	5	29
333	6	43
333	7	82
333	8	74
333	9	59
334	0	55
334	1	26
334	2	65
334	3	34
334	4	59
334	5	27
334	6	22
334	7	40
334	8	34
334	9	40
335	0	52
335	1	39
335	2	65
335	3	42
335	4	70
335	5	44
335	6	20
335	7	62
335	8	45
335	9	35
336	0	39
336	1	28
336	2	54
336	3	38
336	4	65
336	5	20
336	6	17
336	7	31
336	8	49
336	9	21
337	0	52
337	1	59
337	2	66
337	3	59
337	4	67
337	5	31
337	6	33
337	7	44
337	8	43
337	9	51
338	0	48
338	1	39
338	2	65
338	3	49
338	4	66
338	5	18
338	6	40
338	7	31
338	8	65
338	9	62
339	0	44
339	1	52
339	2	76
339	3	53
339	4	63
339	5	38
339	6	24
339	7	68
339	8	61
339	9	39
340	0	21
340	1	47
340	2	34
340	3	50
340	4	63
340	5	23
340	6	43
340	7	77
340	8	66
340	9	45
341	0	39
341	1	51
341	2	44
341	3	43
341	4	47
341	5	44
341	6	22
341	7	79
341	8	32
341	9	45
342	0	34
342	1	66
342	2	33
342	3	42
342	4	75
342	5	36
342	6	40
342	7	28
342	8	85
342	9	49
343	0	45
343	1	22
343	2	39
343	3	33
343	4	73
343	5	30
343	6	31
343	7	77
343	8	73
343	9	35
344	0	26
344	1	50
344	2	58
344	3	26
344	4	46
344	5	28
344	6	42
344	7	76
344	8	39
344	9	41
345	0	42
345	1	38
345	2	52
345	3	46
345	4	49
345	5	40
345	6	37
345	7	59
345	8	79
345	9	43
346	0	45
346	1	36
346	2	66
346	3	43
346	4	67
346	5	42
346	6	17
346	7	46
346	8	72
346	9	37
347	0	23
347	1	54
347	2	36
347	3	24
347	4	86
347	5	42
347	6	17
347	7	39
347	8	61
347	9	56
348	0	28
348	1	61
348	2	74
348	3	47
348	4	63
348	5	20
348	6	30
348	7	64
348	8	39
348	9	36
349	0	49
349	1	33
349	2	80
349	3	51
349	4	43
349	5	32
349	6	44
349	7	42
349	8	75
349	9	51
350	0	30
350	1	53
350	2	45
350	3	42
350	4	36
350	5	17
350	6	16
350	7	44
350	8	38
350	9	53
351	0	24
351	1	43
351	2	80
351	3	48
351	4	40
351	5	17
351	6	26
351	7	47
351	8	39
351	9	25
352	0	22
352	1	28
352	2	66
352	3	43
352	4	72
352	5	26
352	6	31
352	7	30
352	8	71
352	9	44
353	0	30
353	1	39
353	2	76
353	3	29
353	4	57
353	5	26
353	6	35
353	7	61
353	8	85
353	9	28
354	0	39
354	1	59
354	2	50
354	3	50
354	4	41
354	5	23
354	6	37
354	7	34
354	8	65
354	9	33
355	0	20
355	1	66
355	2	65
355	3	21
355	4	81
355	5	44
355	6	27
355	7	47
355	8	38
355	9	48
356	0	34
356	1	22
356	2	89
356	3	49
356	4	83
356	5	34
356	6	25
356	7	78
356	8	76
356	9	22
357	0	48
357	1	44
357	2	69
357	3	23
357	4	61
357	5	41
357	6	30
357	7	55
357	8	47
357	9	22
358	0	46
358	1	24
358	2	70
358	3	42
358	4	72
358	5	25
358	6	21
358	7	62
358	8	83
358	9	62
359	0	35
359	1	65
359	2	90
359	3	35
359	4	37
359	5	43
359	6	22
359	7	40
359	8	40
359	9	40
360	0	53
360	1	26
360	2	31
360	3	56
360	4	93
360	5	21
360	6	42
360	7	28
360	8	41
360	9	28
361	0	20
361	1	27
361	2	91
361	3	44
361	4	97
361	5	22
361	6	40
361	7	62
361	8	75
361	9	22
362	0	52
362	1	62
362	2	63
362	3	21
362	4	96
362	5	33
362	6	26
362	7	35
362	8	49
362	9	36
363	0	26
363	1	57
363	2	76
363	3	55
363	4	75
363	5	17
363	6	41
363	7	59
363	8	38
363	9	52
364	0	46
364	1	49
364	2	80
364	3	23
364	4	73
364	5	44
364	6	43
364	7	78
364	8	45
364	9	33
365	0	53
365	1	47
365	2	34
365	3	28
365	4	43
365	5	18
365	6	34
365	7	41
365	8	51
365	9	61
366	0	40
366	1	42
366	2	63
366	3	53
366	4	83
366	5	17
366	6	18
366	7	77
366	8	53
366	9	48
367	0	40
367	1	55
367	2	62
367	3	40
367	4	39
367	5	30
367	6	31
367	7	50
367	8	86
367	9	37
368	0	38
368	1	63
368	2	74
368	3	40
368	4	65
368	5	35
368	6	23
368	7	37
368	8	30
368	9	39
369	0	37
369	1	28
369	2	88
369	3	29
369	4	54
369	5	20
369	6	20
369	7	45
369	8	32
369	9	36
370	0	33
370	1	37
370	2	54
370	3	32
370	4	59
370	5	38
370	6	33
370	7	62
370	8	69
370	9	38
371	0	52
371	1	36
371	2	62
371	3	48
371	4	51
371	5	21
371	6	24
371	7	82
371	8	37
371	9	51
372	0	21
372	1	55
372	2	38
372	3	35
372	4	35
372	5	38
372	6	32
372	7	46
372	8	66
372	9	53
373	0	44
373	1	61
373	2	55
373	3	23
373	4	63
373	5	36
373	6	38
373	7	68
373	8	78
373	9	58
374	0	24
374	1	65
374	2	47
374	3	22
374	4	47
374	5	25
374	6	29
374	7	75
374	8	48
374	9	46
375	0	47
375	1	50
375	2	34
375	3	38
375	4	79
375	5	20
375	6	45
375	7	61
375	8	49
375	9	52
376	0	24
376	1	62
376	2	83
376	3	43
376	4	47
376	5	33
376	6	22
376	7	30
376	8	63
376	9	61
377	0	37
377	1	32
377	2	84
377	3	54
377	4	73
377	5	40
377	6	34
377	7	72
377	8	64
377	9	40
378	0	46
378	1	37
378	2	87
378	3	55
378	4	80
378	5	20
378	6	25
378	7	57
378	8	31
378	9	40
379	0	49
379	1	57
379	2	88
379	3	35
379	4	61
379	5	29
379	6	28
379	7	53
379	8	64
379	9	36
380	0	32
380	1	41
380	2	68
380	3	26
380	4	87
380	5	22
380	6	39
380	7	36
380	8	83
380	9	42
381	0	56
381	1	28
381	2	82
381	3	53
381	4	96
381	5	33
381	6	29
381	7	73
381	8	61
381	9	50
382	0	42
382	1	48
382	2	81
382	3	46
382	4	82
382	5	36
382	6	32
382	7	52
382	8	54
382	9	30
383	0	46
383	1	41
383	2	49
383	3	57
383	4	79
383	5	42
383	6	17
383	7	46
383	8	81
383	9	61
384	0	46
384	1	54
384	2	66
384	3	60
384	4	93
384	5	41
384	6	29
384	7	56
384	8	35
384	9	22
385	0	41
385	1	45
385	2	56
385	3	23
385	4	73
385	5	23
385	6	43
385	7	29
385	8	72
385	9	60
386	0	20
386	1	25
386	2	46
386	3	20
386	4	93
386	5	39
386	6	25
386	7	71
386	8	65
386	9	49
387	0	32
387	1	28
387	2	72
387	3	35
387	4	91
387	5	44
387	6	20
387	7	82
387	8	78
387	9	20
388	0	31
388	1	60
388	2	39
388	3	42
388	4	91
388	5	26
388	6	23
388	7	30
388	8	68
388	9	56
389	0	35
389	1	32
389	2	65
389	3	52
389	4	74
389	5	30
389	6	27
389	7	44
389	8	68
389	9	30
390	0	50
390	1	58
390	2	35
390	3	26
390	4	69
390	5	24
390	6	42
390	7	65
390	8	46
390	9	27
391	0	28
391	1	62
391	2	78
391	3	45
391	4	39
391	5	37
391	6	18
391	7	67
391	8	82
391	9	47
392	0	36
392	1	65
392	2	32
392	3	30
392	4	83
392	5	32
392	6	25
392	7	36
392	8	48
392	9	38
393	0	42
393	1	43
393	2	76
393	3	31
393	4	73
393	5	18
393	6	27
393	7	36
393	8	28
393	9	21
394	0	49
394	1	66
394	2	69
394	3	34
394	4	51
394	5	26
394	6	42
394	7	35
394	8	68
394	9	59
395	0	36
395	1	61
395	2	75
395	3	58
395	4	95
395	5	32
395	6	24
395	7	69
395	8	53
395	9	30
396	0	29
396	1	39
396	2	38
396	3	51
396	4	63
396	5	32
396	6	39
396	7	53
396	8	79
396	9	56
397	0	56
397	1	64
397	2	51
397	3	51
397	4	79
397	5	40
397	6	41
397	7	41
397	8	37
397	9	62
398	0	21
398	1	53
398	2	81
398	3	30
398	4	74
398	5	36
398	6	40
398	7	63
398	8	42
398	9	60
399	0	36
399	1	61
399	2	60
399	3	46
399	4	67
399	5	35
399	6	26
399	7	43
399	8	80
399	9	33
400	0	35
400	1	61
400	2	31
400	3	49
400	4	67
400	5	40
400	6	44
400	7	29
400	8	83
400	9	51
401	0	23
401	1	31
401	2	74
401	3	57
401	4	51
401	5	18
401	6	39
401	7	56
401	8	82
401	9	52
402	0	26
402	1	65
402	2	35
402	3	21
402	4	38
402	5	17
402	6	25
402	7	74
402	8	48
402	9	33
403	0	26
403	1	28
403	2	68
403	3	40
403	4	95
403	5	15
403	6	18
403	7	35
403	8	54
403	9	42
404	0	21
404	1	45
404	2	78
404	3	23
404	4	37
404	5	25
404	6	25
404	7	58
404	8	86
404	9	22
405	0	56
405	1	32
405	2	41
405	3	59
405	4	51
405	5	18
405	6	45
405	7	60
405	8	50
405	9	35
406	0	23
406	1	34
406	2	51
406	3	29
406	4	51
406	5	23
406	6	28
406	7	71
406	8	64
406	9	43
407	0	46
407	1	55
407	2	71
407	3	44
407	4	78
407	5	24
407	6	17
407	7	42
407	8	45
407	9	44
408	0	29
408	1	38
408	2	74
408	3	33
408	4	53
408	5	25
408	6	15
408	7	53
408	8	49
408	9	27
409	0	25
409	1	56
409	2	75
409	3	60
409	4	43
409	5	44
409	6	32
409	7	52
409	8	75
409	9	37
410	0	23
410	1	54
410	2	68
410	3	51
410	4	55
410	5	41
410	6	21
410	7	28
410	8	84
410	9	42
411	0	37
411	1	56
411	2	44
411	3	42
411	4	58
411	5	22
411	6	29
411	7	67
411	8	57
411	9	41
412	0	55
412	1	63
412	2	37
412	3	50
412	4	49
412	5	32
412	6	19
412	7	36
412	8	63
412	9	33
413	0	26
413	1	53
413	2	34
413	3	34
413	4	74
413	5	21
413	6	29
413	7	53
413	8	63
413	9	61
414	0	51
414	1	24
414	2	35
414	3	52
414	4	61
414	5	29
414	6	30
414	7	52
414	8	68
414	9	58
415	0	35
415	1	61
415	2	68
415	3	29
415	4	42
415	5	38
415	6	30
415	7	30
415	8	31
415	9	43
416	0	21
416	1	47
416	2	54
416	3	41
416	4	58
416	5	37
416	6	16
416	7	72
416	8	70
416	9	61
417	0	47
417	1	25
417	2	78
417	3	48
417	4	43
417	5	36
417	6	23
417	7	51
417	8	48
417	9	48
418	0	55
418	1	57
418	2	69
418	3	27
418	4	46
418	5	32
418	6	40
418	7	55
418	8	32
418	9	33
419	0	32
419	1	53
419	2	43
419	3	52
419	4	46
419	5	16
419	6	31
419	7	43
419	8	73
419	9	33
420	0	55
420	1	34
420	2	75
420	3	48
420	4	67
420	5	35
420	6	36
420	7	41
420	8	61
420	9	58
421	0	53
421	1	36
421	2	40
421	3	29
421	4	43
421	5	35
421	6	35
421	7	47
421	8	63
421	9	55
422	0	34
422	1	55
422	2	51
422	3	41
422	4	61
422	5	15
422	6	22
422	7	71
422	8	68
422	9	56
423	0	20
423	1	46
423	2	45
423	3	53
423	4	49
423	5	39
423	6	19
423	7	48
423	8	59
423	9	52
424	0	39
424	1	46
424	2	80
424	3	46
424	4	47
424	5	35
424	6	20
424	7	69
424	8	53
424	9	48
425	0	26
425	1	25
425	2	51
425	3	20
425	4	63
425	5	34
425	6	37
425	7	30
425	8	78
425	9	37
426	0	36
426	1	28
426	2	32
426	3	60
426	4	70
426	5	25
426	6	25
426	7	74
426	8	54
426	9	42
427	0	30
427	1	58
427	2	65
427	3	28
427	4	79
427	5	28
427	6	43
427	7	28
427	8	31
427	9	61
428	0	46
428	1	49
428	2	61
428	3	33
428	4	42
428	5	43
428	6	38
428	7	47
428	8	51
428	9	28
429	0	41
429	1	40
429	2	88
429	3	40
429	4	53
429	5	31
429	6	26
429	7	69
429	8	35
429	9	59
430	0	52
430	1	64
430	2	35
430	3	23
430	4	40
430	5	30
430	6	20
430	7	48
430	8	74
430	9	56
431	0	48
431	1	46
431	2	79
431	3	21
431	4	83
431	5	20
431	6	38
431	7	30
431	8	57
431	9	38
432	0	21
432	1	48
432	2	60
432	3	40
432	4	44
432	5	40
432	6	43
432	7	45
432	8	63
432	9	38
433	0	22
433	1	49
433	2	63
433	3	48
433	4	59
433	5	33
433	6	26
433	7	73
433	8	80
433	9	55
434	0	28
434	1	29
434	2	85
434	3	40
434	4	59
434	5	28
434	6	32
434	7	71
434	8	40
434	9	58
435	0	33
435	1	61
435	2	77
435	3	56
435	4	44
435	5	28
435	6	38
435	7	66
435	8	51
435	9	62
436	0	33
436	1	49
436	2	72
436	3	43
436	4	49
436	5	25
436	6	37
436	7	76
436	8	44
436	9	21
437	0	39
437	1	25
437	2	79
437	3	55
437	4	49
437	5	16
437	6	31
437	7	82
437	8	37
437	9	53
438	0	26
438	1	53
438	2	64
438	3	57
438	4	87
438	5	38
438	6	23
438	7	40
438	8	53
438	9	32
439	0	56
439	1	50
439	2	72
439	3	21
439	4	49
439	5	16
439	6	42
439	7	46
439	8	67
439	9	58
440	0	58
440	1	53
440	2	75
440	3	41
440	4	42
440	5	26
440	6	42
440	7	57
440	8	77
440	9	36
441	0	34
441	1	34
441	2	65
441	3	29
441	4	94
441	5	44
441	6	34
441	7	67
441	8	63
441	9	27
442	0	41
442	1	44
442	2	34
442	3	26
442	4	89
442	5	17
442	6	38
442	7	35
442	8	80
442	9	61
443	0	42
443	1	62
443	2	40
443	3	54
443	4	45
443	5	29
443	6	28
443	7	30
443	8	30
443	9	58
444	0	22
444	1	61
444	2	46
444	3	42
444	4	51
444	5	36
444	6	29
444	7	35
444	8	68
444	9	40
445	0	53
445	1	32
445	2	41
445	3	34
445	4	97
445	5	38
445	6	32
445	7	35
445	8	78
445	9	28
446	0	23
446	1	24
446	2	83
446	3	57
446	4	41
446	5	26
446	6	43
446	7	62
446	8	72
446	9	60
447	0	35
447	1	46
447	2	54
447	3	54
447	4	53
447	5	28
447	6	16
447	7	48
447	8	38
447	9	46
448	0	55
448	1	60
448	2	89
448	3	41
448	4	58
448	5	15
448	6	16
448	7	76
448	8	69
448	9	40
449	0	41
449	1	23
449	2	80
449	3	31
449	4	39
449	5	26
449	6	22
449	7	50
449	8	60
449	9	40
450	0	28
450	1	49
450	2	46
450	3	59
450	4	98
450	5	28
450	6	42
450	7	67
450	8	74
450	9	45
451	0	48
451	1	36
451	2	83
451	3	54
451	4	87
451	5	41
451	6	42
451	7	61
451	8	79
451	9	25
452	0	41
452	1	41
452	2	36
452	3	24
452	4	37
452	5	24
452	6	30
452	7	53
452	8	80
452	9	53
453	0	42
453	1	41
453	2	45
453	3	48
453	4	92
453	5	30
453	6	38
453	7	41
453	8	82
453	9	48
454	0	30
454	1	62
454	2	64
454	3	25
454	4	58
454	5	30
454	6	24
454	7	60
454	8	50
454	9	25
455	0	51
455	1	24
455	2	56
455	3	24
455	4	89
455	5	23
455	6	33
455	7	28
455	8	77
455	9	22
456	0	33
456	1	60
456	2	35
456	3	39
456	4	90
456	5	35
456	6	29
456	7	60
456	8	71
456	9	49
457	0	31
457	1	32
457	2	51
457	3	53
457	4	33
457	5	39
457	6	37
457	7	46
457	8	41
457	9	54
458	0	54
458	1	62
458	2	65
458	3	37
458	4	51
458	5	44
458	6	17
458	7	47
458	8	59
458	9	39
459	0	56
459	1	31
459	2	55
459	3	32
459	4	86
459	5	32
459	6	33
459	7	53
459	8	74
459	9	30
460	0	30
460	1	53
460	2	76
460	3	29
460	4	42
460	5	39
460	6	26
460	7	35
460	8	76
460	9	35
461	0	53
461	1	63
461	2	82
461	3	42
461	4	33
461	5	41
461	6	32
461	7	49
461	8	69
461	9	57
462	0	28
462	1	31
462	2	61
462	3	60
462	4	75
462	5	24
462	6	32
462	7	33
462	8	55
462	9	30
463	0	42
463	1	35
463	2	86
463	3	35
463	4	65
463	5	20
463	6	26
463	7	67
463	8	39
463	9	26
464	0	44
464	1	63
464	2	60
464	3	24
464	4	63
464	5	41
464	6	22
464	7	59
464	8	80
464	9	41
465	0	41
465	1	49
465	2	88
465	3	28
465	4	35
465	5	42
465	6	40
465	7	80
465	8	35
465	9	47
466	0	43
466	1	35
466	2	68
466	3	26
466	4	91
466	5	38
466	6	17
466	7	42
466	8	76
466	9	53
467	0	36
467	1	40
467	2	35
467	3	51
467	4	59
467	5	17
467	6	28
467	7	82
467	8	82
467	9	25
468	0	57
468	1	53
468	2	66
468	3	54
468	4	39
468	5	17
468	6	24
468	7	47
468	8	54
468	9	29
469	0	33
469	1	39
469	2	90
469	3	48
469	4	76
469	5	24
469	6	17
469	7	70
469	8	38
469	9	59
470	0	57
470	1	53
470	2	49
470	3	48
470	4	88
470	5	31
470	6	31
470	7	42
470	8	55
470	9	59
471	0	27
471	1	55
471	2	73
471	3	43
471	4	89
471	5	15
471	6	26
471	7	47
471	8	72
471	9	23
472	0	58
472	1	53
472	2	64
472	3	37
472	4	95
472	5	23
472	6	28
472	7	34
472	8	51
472	9	37
473	0	53
473	1	47
473	2	45
473	3	32
473	4	87
473	5	14
473	6	32
473	7	76
473	8	84
473	9	40
474	0	46
474	1	30
474	2	85
474	3	33
474	4	36
474	5	31
474	6	41
474	7	64
474	8	72
474	9	54
475	0	21
475	1	60
475	2	68
475	3	45
475	4	58
475	5	16
475	6	32
475	7	79
475	8	35
475	9	60
476	0	57
476	1	51
476	2	48
476	3	53
476	4	83
476	5	18
476	6	38
476	7	57
476	8	35
476	9	62
477	0	30
477	1	22
477	2	53
477	3	50
477	4	37
477	5	16
477	6	31
477	7	57
477	8	35
477	9	38
478	0	41
478	1	57
478	2	66
478	3	29
478	4	87
478	5	22
478	6	37
478	7	64
478	8	82
478	9	62
479	0	20
479	1	54
479	2	72
479	3	37
479	4	60
479	5	41
479	6	21
479	7	50
479	8	34
479	9	21
480	0	41
480	1	54
480	2	46
480	3	54
480	4	96
480	5	33
480	6	26
480	7	31
480	8	72
480	9	61
481	0	47
481	1	57
481	2	49
481	3	27
481	4	93
481	5	42
481	6	19
481	7	78
481	8	75
481	9	62
482	0	52
482	1	57
482	2	74
482	3	30
482	4	65
482	5	35
482	6	30
482	7	73
482	8	65
482	9	45
483	0	46
483	1	53
483	2	36
483	3	35
483	4	57
483	5	27
483	6	33
483	7	81
483	8	69
483	9	37
484	0	33
484	1	56
484	2	85
484	3	40
484	4	92
484	5	42
484	6	36
484	7	37
484	8	50
484	9	33
485	0	31
485	1	23
485	2	77
485	3	23
485	4	58
485	5	20
485	6	29
485	7	53
485	8	82
485	9	39
486	0	30
486	1	24
486	2	35
486	3	25
486	4	92
486	5	39
486	6	24
486	7	40
486	8	31
486	9	56
487	0	48
487	1	51
487	2	43
487	3	40
487	4	56
487	5	15
487	6	36
487	7	31
487	8	75
487	9	50
488	0	39
488	1	50
488	2	71
488	3	43
488	4	34
488	5	36
488	6	33
488	7	35
488	8	74
488	9	36
489	0	51
489	1	30
489	2	67
489	3	37
489	4	63
489	5	19
489	6	31
489	7	71
489	8	64
489	9	42
490	0	40
490	1	25
490	2	39
490	3	59
490	4	95
490	5	21
490	6	23
490	7	41
490	8	64
490	9	50
491	0	22
491	1	27
491	2	90
491	3	20
491	4	83
491	5	31
491	6	27
491	7	75
491	8	40
491	9	24
492	0	43
492	1	36
492	2	54
492	3	42
492	4	44
492	5	29
492	6	43
492	7	80
492	8	57
492	9	40
493	0	50
493	1	57
493	2	50
493	3	21
493	4	79
493	5	27
493	6	31
493	7	72
493	8	49
493	9	59
494	0	32
494	1	57
494	2	58
494	3	43
494	4	48
494	5	39
494	6	42
494	7	34
494	8	60
494	9	48
495	0	25
495	1	62
495	2	64
495	3	45
495	4	89
495	5	40
495	6	15
495	7	43
495	8	57
495	9	25
496	0	20
496	1	36
496	2	67
496	3	31
496	4	33
496	5	16
496	6	31
496	7	70
496	8	31
496	9	23
497	0	57
497	1	26
497	2	57
497	3	37
497	4	39
497	5	40
497	6	18
497	7	52
497	8	46
497	9	24
498	0	38
498	1	63
498	2	85
498	3	23
498	4	58
498	5	41
498	6	31
498	7	76
498	8	43
498	9	54
499	0	35
499	1	44
499	2	76
499	3	20
499	4	59
499	5	15
499	6	45
499	7	45
499	8	58
499	9	26
500	0	47
500	1	39
500	2	51
500	3	26
500	4	45
500	5	24
500	6	38
500	7	46
500	8	64
500	9	38
501	0	48
501	1	23
501	2	85
501	3	50
501	4	35
501	5	18
501	6	15
501	7	63
501	8	41
501	9	39
502	0	31
502	1	65
502	2	32
502	3	51
502	4	60
502	5	44
502	6	34
502	7	49
502	8	41
502	9	28
503	0	40
503	1	41
503	2	41
503	3	33
503	4	36
503	5	32
503	6	26
503	7	31
503	8	83
503	9	20
504	0	33
504	1	37
504	2	30
504	3	35
504	4	83
504	5	35
504	6	29
504	7	80
504	8	29
504	9	45
505	0	55
505	1	44
505	2	35
505	3	44
505	4	51
505	5	38
505	6	41
505	7	60
505	8	75
505	9	20
506	0	39
506	1	26
506	2	43
506	3	20
506	4	72
506	5	21
506	6	33
506	7	46
506	8	78
506	9	44
507	0	41
507	1	39
507	2	78
507	3	39
507	4	66
507	5	20
507	6	45
507	7	45
507	8	67
507	9	54
508	0	35
508	1	65
508	2	37
508	3	31
508	4	34
508	5	18
508	6	27
508	7	48
508	8	61
508	9	27
509	0	26
509	1	55
509	2	48
509	3	58
509	4	36
509	5	38
509	6	17
509	7	36
509	8	61
509	9	33
510	0	38
510	1	34
510	2	70
510	3	48
510	4	67
510	5	19
510	6	15
510	7	36
510	8	72
510	9	21
511	0	42
511	1	24
511	2	37
511	3	25
511	4	37
511	5	23
511	6	40
511	7	28
511	8	73
511	9	23
512	0	42
512	1	53
512	2	86
512	3	32
512	4	80
512	5	43
512	6	34
512	7	32
512	8	62
512	9	24
513	0	46
513	1	27
513	2	76
513	3	42
513	4	51
513	5	42
513	6	36
513	7	67
513	8	46
513	9	58
514	0	23
514	1	56
514	2	78
514	3	53
514	4	46
514	5	24
514	6	37
514	7	82
514	8	85
514	9	33
515	0	49
515	1	64
515	2	62
515	3	38
515	4	44
515	5	38
515	6	39
515	7	64
515	8	56
515	9	61
516	0	38
516	1	29
516	2	54
516	3	40
516	4	83
516	5	14
516	6	19
516	7	36
516	8	76
516	9	51
517	0	24
517	1	48
517	2	78
517	3	32
517	4	88
517	5	16
517	6	26
517	7	67
517	8	31
517	9	33
518	0	51
518	1	52
518	2	33
518	3	48
518	4	93
518	5	19
518	6	43
518	7	53
518	8	84
518	9	53
519	0	58
519	1	52
519	2	49
519	3	25
519	4	85
519	5	25
519	6	39
519	7	69
519	8	61
519	9	30
520	0	53
520	1	60
520	2	79
520	3	47
520	4	78
520	5	28
520	6	45
520	7	35
520	8	74
520	9	50
521	0	36
521	1	41
521	2	80
521	3	59
521	4	79
521	5	24
521	6	43
521	7	32
521	8	80
521	9	48
522	0	36
522	1	33
522	2	55
522	3	26
522	4	84
522	5	34
522	6	40
522	7	48
522	8	57
522	9	47
523	0	48
523	1	54
523	2	62
523	3	34
523	4	70
523	5	16
523	6	16
523	7	44
523	8	71
523	9	23
524	0	57
524	1	25
524	2	87
524	3	40
524	4	74
524	5	19
524	6	33
524	7	64
524	8	69
524	9	45
525	0	49
525	1	57
525	2	86
525	3	26
525	4	35
525	5	14
525	6	39
525	7	67
525	8	64
525	9	35
526	0	48
526	1	26
526	2	58
526	3	41
526	4	38
526	5	43
526	6	17
526	7	80
526	8	38
526	9	26
527	0	19
527	1	34
527	2	52
527	3	30
527	4	34
527	5	31
527	6	41
527	7	35
527	8	43
527	9	40
528	0	48
528	1	56
528	2	30
528	3	59
528	4	38
528	5	30
528	6	44
528	7	49
528	8	75
528	9	41
529	0	23
529	1	50
529	2	88
529	3	33
529	4	53
529	5	14
529	6	23
529	7	41
529	8	50
529	9	60
530	0	25
530	1	22
530	2	45
530	3	46
530	4	69
530	5	29
530	6	45
530	7	28
530	8	81
530	9	26
531	0	23
531	1	36
531	2	69
531	3	46
531	4	60
531	5	30
531	6	44
531	7	44
531	8	77
531	9	47
532	0	19
532	1	23
532	2	37
532	3	34
532	4	37
532	5	32
532	6	40
532	7	74
532	8	61
532	9	40
533	0	19
533	1	33
533	2	69
533	3	33
533	4	79
533	5	15
533	6	43
533	7	31
533	8	32
533	9	41
534	0	23
534	1	31
534	2	57
534	3	43
534	4	37
534	5	43
534	6	26
534	7	33
534	8	44
534	9	38
535	0	51
535	1	36
535	2	46
535	3	39
535	4	50
535	5	23
535	6	37
535	7	31
535	8	56
535	9	47
536	0	39
536	1	49
536	2	69
536	3	27
536	4	67
536	5	29
536	6	39
536	7	36
536	8	53
536	9	32
537	0	50
537	1	36
537	2	68
537	3	48
537	4	49
537	5	22
537	6	18
537	7	53
537	8	81
537	9	40
538	0	40
538	1	53
538	2	31
538	3	55
538	4	39
538	5	17
538	6	42
538	7	67
538	8	68
538	9	46
539	0	32
539	1	57
539	2	65
539	3	51
539	4	34
539	5	22
539	6	24
539	7	79
539	8	73
539	9	48
540	0	51
540	1	53
540	2	87
540	3	34
540	4	95
540	5	31
540	6	39
540	7	48
540	8	66
540	9	30
541	0	50
541	1	28
541	2	69
541	3	23
541	4	63
541	5	42
541	6	16
541	7	79
541	8	41
541	9	42
542	0	44
542	1	41
542	2	68
542	3	21
542	4	63
542	5	15
542	6	42
542	7	41
542	8	73
542	9	55
543	0	55
543	1	35
543	2	48
543	3	39
543	4	86
543	5	38
543	6	27
543	7	28
543	8	66
543	9	39
544	0	24
544	1	63
544	2	66
544	3	43
544	4	83
544	5	29
544	6	34
544	7	57
544	8	68
544	9	54
545	0	39
545	1	41
545	2	76
545	3	36
545	4	65
545	5	23
545	6	43
545	7	56
545	8	79
545	9	48
546	0	32
546	1	46
546	2	52
546	3	30
546	4	71
546	5	28
546	6	37
546	7	53
546	8	52
546	9	41
547	0	23
547	1	55
547	2	70
547	3	59
547	4	65
547	5	31
547	6	44
547	7	56
547	8	47
547	9	44
548	0	28
548	1	49
548	2	30
548	3	48
548	4	79
548	5	22
548	6	18
548	7	52
548	8	86
548	9	62
549	0	42
549	1	37
549	2	42
549	3	33
549	4	55
549	5	17
549	6	31
549	7	57
549	8	38
549	9	50
550	0	47
550	1	65
550	2	70
550	3	51
550	4	77
550	5	15
550	6	22
550	7	73
550	8	84
550	9	29
551	0	49
551	1	50
551	2	34
551	3	29
551	4	51
551	5	41
551	6	33
551	7	29
551	8	80
551	9	45
552	0	27
552	1	41
552	2	56
552	3	59
552	4	95
552	5	39
552	6	17
552	7	40
552	8	77
552	9	29
553	0	46
553	1	28
553	2	57
553	3	34
553	4	81
553	5	38
553	6	33
553	7	64
553	8	75
553	9	26
554	0	55
554	1	39
554	2	68
554	3	55
554	4	95
554	5	26
554	6	33
554	7	57
554	8	81
554	9	50
555	0	44
555	1	46
555	2	62
555	3	31
555	4	71
555	5	40
555	6	29
555	7	64
555	8	53
555	9	24
556	0	56
556	1	60
556	2	66
556	3	41
556	4	59
556	5	23
556	6	38
556	7	70
556	8	50
556	9	47
557	0	39
557	1	53
557	2	46
557	3	26
557	4	34
557	5	20
557	6	37
557	7	35
557	8	39
557	9	46
558	0	41
558	1	33
558	2	35
558	3	39
558	4	35
558	5	35
558	6	34
558	7	30
558	8	78
558	9	21
559	0	19
559	1	56
559	2	46
559	3	48
559	4	59
559	5	42
559	6	24
559	7	77
559	8	49
559	9	26
560	0	57
560	1	55
560	2	52
560	3	55
560	4	33
560	5	32
560	6	16
560	7	35
560	8	78
560	9	53
561	0	33
561	1	41
561	2	63
561	3	55
561	4	49
561	5	37
561	6	23
561	7	72
561	8	68
561	9	23
562	0	45
562	1	55
562	2	78
562	3	53
562	4	55
562	5	16
562	6	40
562	7	48
562	8	76
562	9	51
563	0	39
563	1	54
563	2	45
563	3	50
563	4	61
563	5	15
563	6	36
563	7	36
563	8	83
563	9	62
564	0	25
564	1	46
564	2	33
564	3	23
564	4	53
564	5	21
564	6	37
564	7	52
564	8	48
564	9	59
565	0	37
565	1	23
565	2	63
565	3	40
565	4	60
565	5	29
565	6	45
565	7	79
565	8	67
565	9	53
566	0	28
566	1	49
566	2	52
566	3	48
566	4	85
566	5	33
566	6	45
566	7	55
566	8	83
566	9	44
567	0	46
567	1	44
567	2	71
567	3	50
567	4	59
567	5	43
567	6	20
567	7	47
567	8	32
567	9	49
568	0	48
568	1	61
568	2	81
568	3	22
568	4	95
568	5	36
568	6	16
568	7	37
568	8	71
568	9	24
569	0	28
569	1	40
569	2	76
569	3	48
569	4	43
569	5	44
569	6	23
569	7	61
569	8	43
569	9	33
570	0	27
570	1	47
570	2	40
570	3	33
570	4	89
570	5	16
570	6	42
570	7	30
570	8	43
570	9	49
571	0	35
571	1	41
571	2	41
571	3	25
571	4	94
571	5	39
571	6	29
571	7	61
571	8	71
571	9	42
572	0	36
572	1	27
572	2	39
572	3	46
572	4	39
572	5	27
572	6	42
572	7	37
572	8	29
572	9	39
573	0	39
573	1	55
573	2	62
573	3	55
573	4	43
573	5	22
573	6	38
573	7	65
573	8	64
573	9	23
574	0	38
574	1	53
574	2	78
574	3	31
574	4	35
574	5	35
574	6	26
574	7	82
574	8	75
574	9	35
575	0	40
575	1	55
575	2	38
575	3	23
575	4	45
575	5	42
575	6	25
575	7	79
575	8	46
575	9	34
576	0	40
576	1	59
576	2	35
576	3	48
576	4	70
576	5	37
576	6	39
576	7	58
576	8	79
576	9	53
577	0	39
577	1	36
577	2	38
577	3	43
577	4	42
577	5	29
577	6	22
577	7	53
577	8	53
577	9	52
578	0	43
578	1	45
578	2	91
578	3	54
578	4	66
578	5	28
578	6	32
578	7	47
578	8	59
578	9	52
579	0	50
579	1	42
579	2	71
579	3	40
579	4	82
579	5	32
579	6	29
579	7	32
579	8	76
579	9	43
580	0	32
580	1	60
580	2	90
580	3	43
580	4	54
580	5	41
580	6	19
580	7	48
580	8	80
580	9	37
581	0	42
581	1	34
581	2	85
581	3	36
581	4	47
581	5	18
581	6	38
581	7	58
581	8	35
581	9	38
582	0	54
582	1	49
582	2	88
582	3	55
582	4	36
582	5	42
582	6	30
582	7	48
582	8	48
582	9	41
583	0	43
583	1	48
583	2	77
583	3	35
583	4	56
583	5	21
583	6	40
583	7	33
583	8	31
583	9	45
584	0	25
584	1	37
584	2	77
584	3	55
584	4	41
584	5	16
584	6	44
584	7	73
584	8	72
584	9	33
585	0	37
585	1	66
585	2	39
585	3	59
585	4	83
585	5	26
585	6	22
585	7	46
585	8	74
585	9	32
586	0	57
586	1	61
586	2	86
586	3	44
586	4	35
586	5	16
586	6	26
586	7	77
586	8	66
586	9	49
587	0	40
587	1	44
587	2	65
587	3	27
587	4	45
587	5	28
587	6	40
587	7	31
587	8	71
587	9	58
588	0	49
588	1	43
588	2	80
588	3	29
588	4	88
588	5	30
588	6	31
588	7	69
588	8	32
588	9	29
589	0	32
589	1	46
589	2	90
589	3	54
589	4	86
589	5	23
589	6	41
589	7	43
589	8	63
589	9	27
590	0	54
590	1	64
590	2	45
590	3	25
590	4	38
590	5	22
590	6	18
590	7	30
590	8	50
590	9	39
591	0	26
591	1	64
591	2	58
591	3	45
591	4	41
591	5	37
591	6	28
591	7	40
591	8	83
591	9	28
592	0	58
592	1	24
592	2	63
592	3	23
592	4	45
592	5	24
592	6	44
592	7	67
592	8	53
592	9	40
593	0	44
593	1	55
593	2	37
593	3	44
593	4	75
593	5	27
593	6	21
593	7	80
593	8	73
593	9	56
594	0	23
594	1	61
594	2	62
594	3	44
594	4	35
594	5	40
594	6	43
594	7	35
594	8	63
594	9	46
595	0	45
595	1	34
595	2	66
595	3	33
595	4	71
595	5	19
595	6	32
595	7	52
595	8	32
595	9	36
596	0	26
596	1	64
596	2	62
596	3	29
596	4	95
596	5	41
596	6	25
596	7	45
596	8	67
596	9	56
597	0	57
597	1	62
597	2	35
597	3	38
597	4	95
597	5	30
597	6	38
597	7	57
597	8	71
597	9	32
598	0	29
598	1	36
598	2	86
598	3	42
598	4	59
598	5	32
598	6	38
598	7	32
598	8	31
598	9	28
599	0	30
599	1	48
599	2	57
599	3	51
599	4	75
599	5	29
599	6	18
599	7	59
599	8	76
599	9	50
600	0	22
600	1	47
600	2	34
600	3	32
600	4	63
600	5	33
600	6	35
600	7	39
600	8	62
600	9	31
601	0	50
601	1	54
601	2	37
601	3	33
601	4	34
601	5	31
601	6	20
601	7	31
601	8	72
601	9	32
602	0	32
602	1	24
602	2	85
602	3	47
602	4	71
602	5	19
602	6	24
602	7	27
602	8	47
602	9	51
603	0	29
603	1	26
603	2	32
603	3	56
603	4	51
603	5	40
603	6	32
603	7	73
603	8	65
603	9	55
604	0	48
604	1	47
604	2	45
604	3	27
604	4	72
604	5	44
604	6	38
604	7	55
604	8	70
604	9	56
605	0	23
605	1	59
605	2	60
605	3	32
605	4	47
605	5	29
605	6	38
605	7	57
605	8	61
605	9	28
606	0	44
606	1	60
606	2	90
606	3	50
606	4	93
606	5	16
606	6	29
606	7	42
606	8	36
606	9	56
607	0	38
607	1	57
607	2	86
607	3	29
607	4	46
607	5	39
607	6	24
607	7	77
607	8	49
607	9	45
608	0	33
608	1	53
608	2	35
608	3	51
608	4	69
608	5	27
608	6	19
608	7	39
608	8	56
608	9	61
609	0	27
609	1	30
609	2	41
609	3	36
609	4	52
609	5	38
609	6	39
609	7	29
609	8	50
609	9	50
610	0	34
610	1	61
610	2	30
610	3	48
610	4	42
610	5	26
610	6	19
610	7	69
610	8	42
610	9	22
611	0	46
611	1	64
611	2	51
611	3	53
611	4	81
611	5	28
611	6	19
611	7	69
611	8	82
611	9	45
612	0	57
612	1	31
612	2	70
612	3	43
612	4	89
612	5	35
612	6	30
612	7	54
612	8	79
612	9	60
613	0	19
613	1	26
613	2	31
613	3	47
613	4	43
613	5	32
613	6	34
613	7	74
613	8	35
613	9	55
614	0	51
614	1	41
614	2	57
614	3	21
614	4	39
614	5	40
614	6	33
614	7	29
614	8	57
614	9	45
615	0	43
615	1	56
615	2	90
615	3	57
615	4	40
615	5	28
615	6	25
615	7	50
615	8	71
615	9	30
616	0	55
616	1	30
616	2	80
616	3	39
616	4	36
616	5	41
616	6	20
616	7	80
616	8	35
616	9	39
617	0	35
617	1	31
617	2	32
617	3	44
617	4	65
617	5	28
617	6	22
617	7	80
617	8	47
617	9	35
618	0	40
618	1	36
618	2	44
618	3	38
618	4	87
618	5	20
618	6	40
618	7	51
618	8	48
618	9	35
619	0	20
619	1	23
619	2	34
619	3	48
619	4	37
619	5	43
619	6	38
619	7	65
619	8	32
619	9	35
620	0	44
620	1	40
620	2	77
620	3	29
620	4	97
620	5	24
620	6	25
620	7	44
620	8	73
620	9	61
621	0	28
621	1	25
621	2	49
621	3	45
621	4	49
621	5	38
621	6	42
621	7	48
621	8	74
621	9	34
622	0	55
622	1	46
622	2	69
622	3	49
622	4	64
622	5	43
622	6	18
622	7	59
622	8	60
622	9	32
623	0	27
623	1	32
623	2	79
623	3	42
623	4	87
623	5	41
623	6	20
623	7	31
623	8	55
623	9	41
624	0	52
624	1	37
624	2	48
624	3	46
624	4	40
624	5	29
624	6	23
624	7	53
624	8	82
624	9	33
625	0	42
625	1	22
625	2	68
625	3	46
625	4	53
625	5	23
625	6	43
625	7	56
625	8	59
625	9	22
626	0	23
626	1	58
626	2	56
626	3	55
626	4	40
626	5	29
626	6	18
626	7	51
626	8	45
626	9	45
627	0	32
627	1	38
627	2	79
627	3	53
627	4	60
627	5	14
627	6	19
627	7	33
627	8	82
627	9	61
628	0	29
628	1	64
628	2	63
628	3	58
628	4	99
628	5	21
628	6	34
628	7	31
628	8	43
628	9	26
629	0	51
629	1	25
629	2	40
629	3	42
629	4	35
629	5	26
629	6	39
629	7	62
629	8	68
629	9	53
630	0	51
630	1	50
630	2	84
630	3	49
630	4	59
630	5	40
630	6	18
630	7	80
630	8	49
630	9	48
631	0	42
631	1	44
631	2	36
631	3	36
631	4	57
631	5	36
631	6	25
631	7	42
631	8	39
631	9	60
632	0	19
632	1	25
632	2	82
632	3	43
632	4	58
632	5	19
632	6	20
632	7	39
632	8	35
632	9	41
633	0	35
633	1	40
633	2	76
633	3	35
633	4	87
633	5	36
633	6	17
633	7	66
633	8	75
633	9	21
634	0	26
634	1	32
634	2	32
634	3	21
634	4	67
634	5	35
634	6	36
634	7	68
634	8	81
634	9	28
635	0	54
635	1	29
635	2	45
635	3	23
635	4	45
635	5	38
635	6	44
635	7	47
635	8	30
635	9	24
636	0	45
636	1	63
636	2	82
636	3	34
636	4	35
636	5	42
636	6	33
636	7	62
636	8	45
636	9	39
637	0	26
637	1	65
637	2	35
637	3	33
637	4	37
637	5	37
637	6	20
637	7	72
637	8	59
637	9	45
638	0	29
638	1	44
638	2	35
638	3	39
638	4	84
638	5	27
638	6	27
638	7	37
638	8	45
638	9	25
639	0	53
639	1	55
639	2	66
639	3	48
639	4	89
639	5	37
639	6	40
639	7	34
639	8	30
639	9	54
640	0	38
640	1	40
640	2	66
640	3	42
640	4	71
640	5	20
640	6	36
640	7	43
640	8	61
640	9	27
641	0	31
641	1	29
641	2	49
641	3	21
641	4	91
641	5	28
641	6	39
641	7	82
641	8	31
641	9	50
642	0	30
642	1	61
642	2	44
642	3	44
642	4	58
642	5	39
642	6	34
642	7	51
642	8	56
642	9	40
643	0	20
643	1	26
643	2	83
643	3	56
643	4	73
643	5	30
643	6	37
643	7	49
643	8	70
643	9	57
644	0	38
644	1	53
644	2	78
644	3	48
644	4	40
644	5	35
644	6	42
644	7	69
644	8	53
644	9	37
645	0	23
645	1	46
645	2	43
645	3	35
645	4	49
645	5	40
645	6	32
645	7	50
645	8	34
645	9	50
646	0	26
646	1	30
646	2	83
646	3	31
646	4	63
646	5	42
646	6	31
646	7	42
646	8	52
646	9	24
647	0	47
647	1	57
647	2	68
647	3	53
647	4	70
647	5	16
647	6	41
647	7	46
647	8	31
647	9	45
648	0	46
648	1	60
648	2	65
648	3	24
648	4	51
648	5	34
648	6	43
648	7	54
648	8	56
648	9	62
649	0	42
649	1	54
649	2	34
649	3	39
649	4	92
649	5	28
649	6	25
649	7	34
649	8	48
649	9	38
650	0	26
650	1	38
650	2	91
650	3	60
650	4	58
650	5	19
650	6	25
650	7	75
650	8	50
650	9	24
651	0	37
651	1	46
651	2	48
651	3	36
651	4	66
651	5	22
651	6	40
651	7	61
651	8	33
651	9	42
652	0	27
652	1	36
652	2	68
652	3	34
652	4	43
652	5	20
652	6	31
652	7	29
652	8	45
652	9	59
653	0	43
653	1	26
653	2	88
653	3	30
653	4	79
653	5	43
653	6	34
653	7	79
653	8	49
653	9	49
654	0	35
654	1	26
654	2	46
654	3	57
654	4	43
654	5	23
654	6	19
654	7	48
654	8	35
654	9	61
655	0	26
655	1	64
655	2	57
655	3	53
655	4	99
655	5	29
655	6	42
655	7	65
655	8	83
655	9	57
656	0	37
656	1	45
656	2	77
656	3	43
656	4	65
656	5	32
656	6	27
656	7	58
656	8	49
656	9	57
657	0	50
657	1	53
657	2	71
657	3	42
657	4	88
657	5	38
657	6	20
657	7	59
657	8	42
657	9	57
658	0	58
658	1	37
658	2	40
658	3	57
658	4	49
658	5	43
658	6	36
658	7	31
658	8	48
658	9	44
659	0	22
659	1	44
659	2	73
659	3	54
659	4	41
659	5	44
659	6	23
659	7	57
659	8	36
659	9	47
660	0	46
660	1	47
660	2	63
660	3	53
660	4	96
660	5	38
660	6	26
660	7	61
660	8	33
660	9	40
661	0	24
661	1	33
661	2	45
661	3	60
661	4	60
661	5	31
661	6	40
661	7	41
661	8	65
661	9	42
662	0	58
662	1	53
662	2	46
662	3	44
662	4	99
662	5	39
662	6	27
662	7	79
662	8	33
662	9	41
663	0	26
663	1	38
663	2	69
663	3	49
663	4	49
663	5	31
663	6	36
663	7	56
663	8	52
663	9	30
664	0	41
664	1	44
664	2	61
664	3	40
664	4	57
664	5	29
664	6	16
664	7	35
664	8	39
664	9	48
665	0	27
665	1	25
665	2	87
665	3	25
665	4	88
665	5	39
665	6	30
665	7	61
665	8	71
665	9	33
666	0	30
666	1	65
666	2	86
666	3	56
666	4	49
666	5	37
666	6	42
666	7	59
666	8	36
666	9	42
667	0	24
667	1	66
667	2	79
667	3	52
667	4	70
667	5	38
667	6	31
667	7	47
667	8	65
667	9	40
668	0	34
668	1	65
668	2	66
668	3	44
668	4	79
668	5	22
668	6	24
668	7	46
668	8	32
668	9	32
669	0	47
669	1	65
669	2	40
669	3	27
669	4	41
669	5	32
669	6	33
669	7	53
669	8	57
669	9	40
670	0	35
670	1	40
670	2	38
670	3	54
670	4	53
670	5	29
670	6	40
670	7	31
670	8	37
670	9	47
671	0	41
671	1	49
671	2	49
671	3	23
671	4	45
671	5	37
671	6	33
671	7	63
671	8	43
671	9	30
672	0	55
672	1	47
672	2	74
672	3	29
672	4	51
672	5	33
672	6	16
672	7	35
672	8	53
672	9	52
673	0	45
673	1	31
673	2	56
673	3	57
673	4	62
673	5	31
673	6	18
673	7	64
673	8	77
673	9	26
674	0	45
674	1	53
674	2	86
674	3	55
674	4	40
674	5	35
674	6	30
674	7	69
674	8	78
674	9	43
675	0	52
675	1	24
675	2	46
675	3	60
675	4	36
675	5	21
675	6	45
675	7	39
675	8	61
675	9	44
676	0	25
676	1	24
676	2	36
676	3	46
676	4	80
676	5	18
676	6	34
676	7	38
676	8	85
676	9	41
677	0	36
677	1	56
677	2	51
677	3	49
677	4	67
677	5	32
677	6	44
677	7	69
677	8	61
677	9	41
678	0	33
678	1	35
678	2	85
678	3	26
678	4	73
678	5	19
678	6	42
678	7	51
678	8	34
678	9	51
679	0	39
679	1	31
679	2	52
679	3	59
679	4	81
679	5	31
679	6	18
679	7	64
679	8	78
679	9	58
680	0	21
680	1	41
680	2	51
680	3	42
680	4	99
680	5	26
680	6	34
680	7	62
680	8	72
680	9	23
681	0	31
681	1	30
681	2	55
681	3	40
681	4	73
681	5	36
681	6	20
681	7	64
681	8	61
681	9	59
682	0	21
682	1	34
682	2	49
682	3	38
682	4	85
682	5	15
682	6	30
682	7	44
682	8	63
682	9	33
683	0	31
683	1	46
683	2	76
683	3	45
683	4	76
683	5	22
683	6	27
683	7	27
683	8	51
683	9	30
684	0	57
684	1	53
684	2	79
684	3	59
684	4	81
684	5	27
684	6	33
684	7	55
684	8	84
684	9	45
685	0	47
685	1	55
685	2	35
685	3	20
685	4	88
685	5	37
685	6	27
685	7	51
685	8	80
685	9	61
686	0	51
686	1	49
686	2	38
686	3	57
686	4	44
686	5	43
686	6	26
686	7	82
686	8	67
686	9	53
687	0	19
687	1	32
687	2	80
687	3	46
687	4	87
687	5	23
687	6	28
687	7	48
687	8	32
687	9	48
688	0	28
688	1	42
688	2	68
688	3	33
688	4	82
688	5	44
688	6	43
688	7	34
688	8	39
688	9	56
689	0	35
689	1	65
689	2	51
689	3	28
689	4	60
689	5	22
689	6	23
689	7	46
689	8	75
689	9	21
690	0	39
690	1	23
690	2	74
690	3	53
690	4	55
690	5	26
690	6	40
690	7	31
690	8	48
690	9	62
691	0	23
691	1	59
691	2	64
691	3	21
691	4	61
691	5	19
691	6	37
691	7	28
691	8	80
691	9	36
692	0	32
692	1	31
692	2	37
692	3	52
692	4	62
692	5	37
692	6	25
692	7	48
692	8	76
692	9	21
693	0	39
693	1	53
693	2	86
693	3	36
693	4	63
693	5	41
693	6	31
693	7	50
693	8	77
693	9	30
694	0	37
694	1	66
694	2	31
694	3	56
694	4	97
694	5	44
694	6	21
694	7	71
694	8	31
694	9	28
695	0	36
695	1	38
695	2	74
695	3	48
695	4	44
695	5	20
695	6	42
695	7	38
695	8	52
695	9	32
696	0	23
696	1	65
696	2	36
696	3	58
696	4	73
696	5	23
696	6	44
696	7	53
696	8	42
696	9	47
697	0	45
697	1	47
697	2	41
697	3	30
697	4	55
697	5	28
697	6	28
697	7	59
697	8	37
697	9	22
698	0	34
698	1	65
698	2	71
698	3	38
698	4	95
698	5	25
698	6	18
698	7	37
698	8	71
698	9	44
699	0	28
699	1	54
699	2	40
699	3	51
699	4	85
699	5	29
699	6	44
699	7	56
699	8	51
699	9	35
700	0	26
700	1	55
700	2	37
700	3	55
700	4	35
700	5	26
700	6	30
700	7	79
700	8	71
700	9	61
701	0	37
701	1	51
701	2	80
701	3	27
701	4	75
701	5	35
701	6	43
701	7	74
701	8	57
701	9	57
702	0	55
702	1	53
702	2	45
702	3	54
702	4	61
702	5	15
702	6	30
702	7	51
702	8	79
702	9	30
703	0	56
703	1	47
703	2	45
703	3	47
703	4	67
703	5	35
703	6	44
703	7	63
703	8	77
703	9	39
704	0	52
704	1	43
704	2	80
704	3	51
704	4	53
704	5	26
704	6	28
704	7	28
704	8	62
704	9	27
705	0	21
705	1	40
705	2	45
705	3	46
705	4	73
705	5	24
705	6	45
705	7	57
705	8	61
705	9	41
706	0	23
706	1	41
706	2	46
706	3	27
706	4	99
706	5	39
706	6	17
706	7	48
706	8	29
706	9	35
707	0	52
707	1	30
707	2	83
707	3	47
707	4	66
707	5	17
707	6	28
707	7	34
707	8	41
707	9	61
708	0	23
708	1	40
708	2	50
708	3	36
708	4	86
708	5	38
708	6	30
708	7	68
708	8	48
708	9	51
709	0	20
709	1	46
709	2	63
709	3	36
709	4	68
709	5	20
709	6	37
709	7	29
709	8	76
709	9	30
710	0	40
710	1	65
710	2	83
710	3	49
710	4	71
710	5	43
710	6	26
710	7	65
710	8	65
710	9	34
711	0	40
711	1	60
711	2	80
711	3	20
711	4	41
711	5	15
711	6	39
711	7	33
711	8	57
711	9	61
712	0	48
712	1	34
712	2	80
712	3	26
712	4	53
712	5	23
712	6	29
712	7	52
712	8	39
712	9	33
713	0	27
713	1	41
713	2	86
713	3	59
713	4	72
713	5	23
713	6	17
713	7	61
713	8	69
713	9	39
714	0	33
714	1	43
714	2	67
714	3	55
714	4	54
714	5	22
714	6	19
714	7	64
714	8	59
714	9	26
715	0	26
715	1	54
715	2	80
715	3	51
715	4	57
715	5	38
715	6	35
715	7	41
715	8	52
715	9	45
716	0	51
716	1	56
716	2	83
716	3	53
716	4	37
716	5	22
716	6	17
716	7	72
716	8	81
716	9	42
717	0	46
717	1	26
717	2	79
717	3	52
717	4	33
717	5	34
717	6	28
717	7	66
717	8	36
717	9	61
718	0	44
718	1	29
718	2	88
718	3	38
718	4	68
718	5	21
718	6	40
718	7	55
718	8	45
718	9	58
719	0	43
719	1	22
719	2	91
719	3	36
719	4	93
719	5	28
719	6	19
719	7	42
719	8	68
719	9	59
720	0	29
720	1	54
720	2	47
720	3	45
720	4	79
720	5	42
720	6	31
720	7	54
720	8	59
720	9	46
721	0	21
721	1	62
721	2	61
721	3	24
721	4	73
721	5	33
721	6	30
721	7	80
721	8	81
721	9	30
722	0	40
722	1	22
722	2	55
722	3	22
722	4	85
722	5	15
722	6	20
722	7	28
722	8	81
722	9	61
723	0	38
723	1	40
723	2	32
723	3	38
723	4	82
723	5	30
723	6	34
723	7	73
723	8	86
723	9	22
724	0	39
724	1	57
724	2	34
724	3	21
724	4	39
724	5	33
724	6	31
724	7	70
724	8	46
724	9	57
725	0	58
725	1	30
725	2	39
725	3	20
725	4	48
725	5	32
725	6	33
725	7	41
725	8	69
725	9	40
726	0	44
726	1	66
726	2	35
726	3	47
726	4	69
726	5	40
726	6	38
726	7	77
726	8	86
726	9	39
727	0	24
727	1	32
727	2	69
727	3	36
727	4	39
727	5	43
727	6	33
727	7	58
727	8	37
727	9	35
728	0	56
728	1	40
728	2	40
728	3	53
728	4	58
728	5	36
728	6	26
728	7	71
728	8	39
728	9	53
729	0	57
729	1	61
729	2	31
729	3	29
729	4	85
729	5	32
729	6	15
729	7	51
729	8	71
729	9	24
730	0	28
730	1	56
730	2	41
730	3	52
730	4	59
730	5	37
730	6	34
730	7	32
730	8	83
730	9	31
731	0	36
731	1	42
731	2	45
731	3	28
731	4	61
731	5	18
731	6	33
731	7	57
731	8	65
731	9	53
732	0	51
732	1	36
732	2	48
732	3	48
732	4	61
732	5	17
732	6	28
732	7	79
732	8	29
732	9	60
733	0	52
733	1	40
733	2	73
733	3	50
733	4	92
733	5	36
733	6	35
733	7	79
733	8	49
733	9	27
734	0	36
734	1	58
734	2	42
734	3	58
734	4	45
734	5	31
734	6	39
734	7	40
734	8	79
734	9	34
735	0	39
735	1	47
735	2	85
735	3	23
735	4	47
735	5	20
735	6	34
735	7	82
735	8	85
735	9	44
736	0	42
736	1	46
736	2	68
736	3	32
736	4	77
736	5	43
736	6	42
736	7	68
736	8	38
736	9	43
737	0	31
737	1	45
737	2	87
737	3	58
737	4	49
737	5	15
737	6	17
737	7	37
737	8	60
737	9	28
738	0	33
738	1	60
738	2	83
738	3	41
738	4	61
738	5	33
738	6	17
738	7	37
738	8	75
738	9	35
739	0	48
739	1	51
739	2	38
739	3	36
739	4	46
739	5	37
739	6	41
739	7	58
739	8	76
739	9	53
740	0	26
740	1	42
740	2	41
740	3	47
740	4	51
740	5	20
740	6	29
740	7	78
740	8	83
740	9	27
741	0	33
741	1	30
741	2	58
741	3	33
741	4	50
741	5	41
741	6	20
741	7	40
741	8	74
741	9	35
742	0	46
742	1	65
742	2	69
742	3	29
742	4	91
742	5	30
742	6	44
742	7	55
742	8	45
742	9	50
743	0	22
743	1	44
743	2	51
743	3	29
743	4	47
743	5	24
743	6	27
743	7	33
743	8	59
743	9	30
744	0	32
744	1	49
744	2	77
744	3	59
744	4	75
744	5	16
744	6	26
744	7	80
744	8	43
744	9	56
745	0	25
745	1	41
745	2	51
745	3	26
745	4	97
745	5	41
745	6	35
745	7	69
745	8	77
745	9	58
746	0	56
746	1	49
746	2	88
746	3	42
746	4	99
746	5	20
746	6	44
746	7	39
746	8	83
746	9	37
747	0	49
747	1	28
747	2	86
747	3	28
747	4	35
747	5	22
747	6	37
747	7	48
747	8	33
747	9	49
748	0	57
748	1	52
748	2	74
748	3	33
748	4	81
748	5	34
748	6	15
748	7	61
748	8	62
748	9	26
749	0	26
749	1	32
749	2	88
749	3	35
749	4	93
749	5	15
749	6	35
749	7	52
749	8	43
749	9	34
750	0	56
750	1	56
750	2	57
750	3	57
750	4	77
750	5	29
750	6	41
750	7	75
750	8	37
750	9	38
751	0	47
751	1	58
751	2	32
751	3	38
751	4	64
751	5	15
751	6	35
751	7	40
751	8	30
751	9	26
752	0	44
752	1	52
752	2	71
752	3	35
752	4	71
752	5	25
752	6	16
752	7	66
752	8	53
752	9	38
753	0	39
753	1	38
753	2	54
753	3	57
753	4	78
753	5	28
753	6	41
753	7	77
753	8	37
753	9	37
754	0	35
754	1	64
754	2	39
754	3	56
754	4	43
754	5	42
754	6	21
754	7	66
754	8	48
754	9	60
755	0	46
755	1	61
755	2	83
755	3	33
755	4	38
755	5	35
755	6	37
755	7	70
755	8	57
755	9	52
756	0	49
756	1	38
756	2	65
756	3	58
756	4	33
756	5	15
756	6	16
756	7	45
756	8	56
756	9	48
757	0	30
757	1	25
757	2	55
757	3	27
757	4	47
757	5	24
757	6	26
757	7	34
757	8	74
757	9	36
758	0	45
758	1	50
758	2	81
758	3	28
758	4	51
758	5	40
758	6	31
758	7	39
758	8	69
758	9	52
759	0	37
759	1	38
759	2	74
759	3	51
759	4	51
759	5	28
759	6	33
759	7	77
759	8	39
759	9	30
760	0	21
760	1	36
760	2	88
760	3	52
760	4	44
760	5	25
760	6	26
760	7	54
760	8	65
760	9	51
761	0	43
761	1	50
761	2	47
761	3	21
761	4	50
761	5	39
761	6	34
761	7	35
761	8	60
761	9	42
762	0	37
762	1	65
762	2	83
762	3	46
762	4	47
762	5	24
762	6	32
762	7	77
762	8	56
762	9	42
763	0	26
763	1	26
763	2	65
763	3	23
763	4	47
763	5	27
763	6	37
763	7	81
763	8	35
763	9	60
764	0	21
764	1	41
764	2	63
764	3	55
764	4	99
764	5	24
764	6	23
764	7	71
764	8	74
764	9	58
765	0	32
765	1	54
765	2	86
765	3	39
765	4	55
765	5	16
765	6	31
765	7	62
765	8	71
765	9	21
766	0	20
766	1	48
766	2	90
766	3	40
766	4	91
766	5	16
766	6	31
766	7	30
766	8	40
766	9	39
767	0	41
767	1	25
767	2	86
767	3	25
767	4	40
767	5	27
767	6	19
767	7	71
767	8	60
767	9	48
768	0	46
768	1	29
768	2	63
768	3	47
768	4	48
768	5	38
768	6	25
768	7	56
768	8	32
768	9	54
769	0	47
769	1	30
769	2	41
769	3	29
769	4	52
769	5	42
769	6	16
769	7	35
769	8	70
769	9	26
770	0	23
770	1	38
770	2	76
770	3	44
770	4	47
770	5	42
770	6	22
770	7	72
770	8	86
770	9	49
771	0	35
771	1	29
771	2	41
771	3	40
771	4	34
771	5	16
771	6	40
771	7	71
771	8	85
771	9	33
772	0	27
772	1	26
772	2	48
772	3	21
772	4	34
772	5	32
772	6	21
772	7	69
772	8	46
772	9	40
773	0	44
773	1	49
773	2	76
773	3	35
773	4	62
773	5	26
773	6	42
773	7	37
773	8	83
773	9	57
774	0	58
774	1	34
774	2	41
774	3	51
774	4	49
774	5	33
774	6	37
774	7	70
774	8	45
774	9	25
775	0	42
775	1	52
775	2	33
775	3	57
775	4	91
775	5	31
775	6	26
775	7	38
775	8	86
775	9	37
776	0	35
776	1	44
776	2	41
776	3	23
776	4	73
776	5	42
776	6	30
776	7	39
776	8	82
776	9	38
777	0	20
777	1	34
777	2	86
777	3	46
777	4	46
777	5	29
777	6	27
777	7	30
777	8	53
777	9	32
778	0	56
778	1	32
778	2	82
778	3	37
778	4	97
778	5	29
778	6	32
778	7	75
778	8	57
778	9	53
779	0	28
779	1	52
779	2	33
779	3	55
779	4	45
779	5	23
779	6	35
779	7	37
779	8	62
779	9	49
780	0	40
780	1	33
780	2	80
780	3	26
780	4	44
780	5	33
780	6	24
780	7	55
780	8	30
780	9	31
781	0	28
781	1	36
781	2	64
781	3	34
781	4	64
781	5	34
781	6	26
781	7	33
781	8	76
781	9	61
782	0	31
782	1	28
782	2	37
782	3	32
782	4	53
782	5	21
782	6	29
782	7	30
782	8	39
782	9	57
783	0	40
783	1	61
783	2	86
783	3	37
783	4	81
783	5	36
783	6	29
783	7	61
783	8	50
783	9	56
784	0	58
784	1	24
784	2	60
784	3	33
784	4	71
784	5	24
784	6	29
784	7	82
784	8	47
784	9	49
785	0	35
785	1	54
785	2	44
785	3	38
785	4	51
785	5	25
785	6	15
785	7	73
785	8	76
785	9	45
786	0	51
786	1	51
786	2	48
786	3	43
786	4	41
786	5	40
786	6	15
786	7	77
786	8	86
786	9	55
787	0	46
787	1	32
787	2	61
787	3	31
787	4	69
787	5	41
787	6	43
787	7	42
787	8	30
787	9	25
788	0	27
788	1	44
788	2	42
788	3	48
788	4	81
788	5	31
788	6	32
788	7	55
788	8	41
788	9	40
789	0	33
789	1	46
789	2	65
789	3	34
789	4	79
789	5	17
789	6	39
789	7	73
789	8	85
789	9	33
790	0	54
790	1	29
790	2	43
790	3	29
790	4	65
790	5	20
790	6	33
790	7	43
790	8	58
790	9	48
791	0	22
791	1	32
791	2	32
791	3	28
791	4	39
791	5	20
791	6	22
791	7	76
791	8	70
791	9	47
792	0	23
792	1	31
792	2	60
792	3	20
792	4	37
792	5	27
792	6	28
792	7	71
792	8	42
792	9	26
793	0	55
793	1	28
793	2	86
793	3	59
793	4	51
793	5	36
793	6	17
793	7	44
793	8	65
793	9	57
794	0	39
794	1	45
794	2	32
794	3	56
794	4	99
794	5	39
794	6	33
794	7	51
794	8	82
794	9	58
795	0	33
795	1	22
795	2	41
795	3	56
795	4	45
795	5	44
795	6	15
795	7	42
795	8	54
795	9	40
796	0	44
796	1	37
796	2	38
796	3	43
796	4	41
796	5	43
796	6	20
796	7	61
796	8	57
796	9	31
797	0	44
797	1	56
797	2	79
797	3	45
797	4	80
797	5	18
797	6	25
797	7	47
797	8	67
797	9	45
798	0	32
798	1	52
798	2	52
798	3	57
798	4	82
798	5	43
798	6	26
798	7	30
798	8	52
798	9	40
799	0	33
799	1	42
799	2	64
799	3	27
799	4	85
799	5	42
799	6	37
799	7	67
799	8	79
799	9	61
800	0	39
800	1	57
800	2	56
800	3	40
800	4	97
800	5	14
800	6	30
800	7	28
800	8	43
800	9	51
801	0	37
801	1	25
801	2	40
801	3	29
801	4	69
801	5	17
801	6	16
801	7	65
801	8	52
801	9	29
802	0	53
802	1	28
802	2	32
802	3	53
802	4	83
802	5	17
802	6	29
802	7	72
802	8	36
802	9	38
803	0	50
803	1	23
803	2	56
803	3	23
803	4	36
803	5	22
803	6	24
803	7	33
803	8	56
803	9	39
804	0	32
804	1	62
804	2	72
804	3	22
804	4	95
804	5	30
804	6	32
804	7	49
804	8	60
804	9	58
805	0	53
805	1	66
805	2	37
805	3	39
805	4	78
805	5	39
805	6	45
805	7	68
805	8	48
805	9	35
806	0	37
806	1	47
806	2	57
806	3	22
806	4	72
806	5	16
806	6	31
806	7	79
806	8	60
806	9	28
807	0	48
807	1	28
807	2	62
807	3	46
807	4	69
807	5	17
807	6	29
807	7	77
807	8	36
807	9	38
808	0	39
808	1	32
808	2	34
808	3	29
808	4	39
808	5	35
808	6	25
808	7	80
808	8	57
808	9	38
809	0	43
809	1	53
809	2	67
809	3	31
809	4	35
809	5	41
809	6	30
809	7	63
809	8	78
809	9	45
810	0	49
810	1	24
810	2	82
810	3	37
810	4	67
810	5	24
810	6	41
810	7	60
810	8	62
810	9	51
811	0	23
811	1	63
811	2	75
811	3	21
811	4	82
811	5	16
811	6	33
811	7	34
811	8	76
811	9	22
812	0	52
812	1	63
812	2	41
812	3	60
812	4	67
812	5	22
812	6	42
812	7	50
812	8	57
812	9	56
813	0	19
813	1	58
813	2	41
813	3	50
813	4	93
813	5	17
813	6	31
813	7	42
813	8	71
813	9	61
814	0	55
814	1	24
814	2	70
814	3	38
814	4	65
814	5	33
814	6	37
814	7	51
814	8	78
814	9	61
815	0	30
815	1	24
815	2	69
815	3	50
815	4	77
815	5	19
815	6	24
815	7	35
815	8	53
815	9	39
816	0	26
816	1	37
816	2	53
816	3	52
816	4	91
816	5	42
816	6	45
816	7	41
816	8	85
816	9	54
817	0	27
817	1	55
817	2	85
817	3	30
817	4	80
817	5	35
817	6	36
817	7	31
817	8	74
817	9	57
818	0	39
818	1	29
818	2	41
818	3	45
818	4	89
818	5	41
818	6	20
818	7	45
818	8	34
818	9	46
819	0	21
819	1	60
819	2	57
819	3	60
819	4	42
819	5	43
819	6	21
819	7	67
819	8	32
819	9	50
820	0	40
820	1	65
820	2	54
820	3	39
820	4	73
820	5	29
820	6	15
820	7	74
820	8	64
820	9	26
821	0	24
821	1	66
821	2	57
821	3	32
821	4	65
821	5	15
821	6	20
821	7	54
821	8	57
821	9	29
822	0	35
822	1	65
822	2	69
822	3	30
822	4	41
822	5	43
822	6	33
822	7	58
822	8	63
822	9	44
823	0	38
823	1	53
823	2	30
823	3	42
823	4	63
823	5	15
823	6	43
823	7	69
823	8	84
823	9	59
824	0	46
824	1	41
824	2	55
824	3	50
824	4	69
824	5	43
824	6	37
824	7	31
824	8	74
824	9	52
825	0	45
825	1	66
825	2	73
825	3	55
825	4	80
825	5	44
825	6	22
825	7	29
825	8	81
825	9	48
826	0	53
826	1	57
826	2	35
826	3	29
826	4	81
826	5	41
826	6	40
826	7	75
826	8	66
826	9	43
827	0	26
827	1	43
827	2	65
827	3	50
827	4	87
827	5	43
827	6	45
827	7	54
827	8	58
827	9	24
828	0	23
828	1	49
828	2	37
828	3	25
828	4	74
828	5	15
828	6	20
828	7	81
828	8	28
828	9	45
829	0	58
829	1	59
829	2	40
829	3	21
829	4	70
829	5	24
829	6	30
829	7	33
829	8	81
829	9	61
830	0	53
830	1	24
830	2	35
830	3	40
830	4	91
830	5	42
830	6	30
830	7	68
830	8	30
830	9	32
831	0	39
831	1	50
831	2	72
831	3	46
831	4	33
831	5	36
831	6	31
831	7	48
831	8	65
831	9	51
832	0	23
832	1	41
832	2	85
832	3	49
832	4	53
832	5	24
832	6	35
832	7	44
832	8	31
832	9	26
833	0	25
833	1	34
833	2	31
833	3	33
833	4	67
833	5	27
833	6	25
833	7	36
833	8	38
833	9	42
834	0	27
834	1	60
834	2	72
834	3	47
834	4	36
834	5	35
834	6	37
834	7	62
834	8	31
834	9	37
835	0	58
835	1	41
835	2	79
835	3	33
835	4	86
835	5	39
835	6	37
835	7	64
835	8	54
835	9	28
836	0	27
836	1	29
836	2	69
836	3	32
836	4	51
836	5	29
836	6	30
836	7	55
836	8	68
836	9	49
837	0	40
837	1	66
837	2	71
837	3	20
837	4	80
837	5	27
837	6	20
837	7	55
837	8	44
837	9	57
838	0	24
838	1	63
838	2	83
838	3	25
838	4	91
838	5	16
838	6	34
838	7	42
838	8	72
838	9	21
839	0	58
839	1	48
839	2	32
839	3	57
839	4	79
839	5	27
839	6	28
839	7	56
839	8	43
839	9	49
840	0	30
840	1	33
840	2	30
840	3	49
840	4	59
840	5	29
840	6	40
840	7	67
840	8	57
840	9	29
841	0	28
841	1	44
841	2	37
841	3	27
841	4	38
841	5	32
841	6	40
841	7	41
841	8	39
841	9	28
842	0	56
842	1	39
842	2	61
842	3	45
842	4	58
842	5	26
842	6	37
842	7	34
842	8	81
842	9	51
843	0	57
843	1	34
843	2	63
843	3	41
843	4	53
843	5	24
843	6	24
843	7	37
843	8	29
843	9	24
844	0	42
844	1	26
844	2	57
844	3	55
844	4	81
844	5	15
844	6	27
844	7	49
844	8	54
844	9	30
845	0	49
845	1	53
845	2	51
845	3	37
845	4	63
845	5	22
845	6	29
845	7	78
845	8	79
845	9	26
846	0	32
846	1	65
846	2	41
846	3	55
846	4	45
846	5	41
846	6	44
846	7	51
846	8	45
846	9	43
847	0	40
847	1	64
847	2	40
847	3	23
847	4	82
847	5	30
847	6	26
847	7	66
847	8	48
847	9	57
848	0	47
848	1	61
848	2	38
848	3	58
848	4	56
848	5	19
848	6	44
848	7	34
848	8	82
848	9	54
849	0	35
849	1	48
849	2	79
849	3	56
849	4	73
849	5	41
849	6	41
849	7	59
849	8	46
849	9	21
850	0	43
850	1	40
850	2	69
850	3	22
850	4	37
850	5	19
850	6	34
850	7	71
850	8	72
850	9	26
851	0	39
851	1	37
851	2	44
851	3	26
851	4	38
851	5	33
851	6	22
851	7	62
851	8	42
851	9	29
852	0	44
852	1	65
852	2	51
852	3	20
852	4	91
852	5	34
852	6	29
852	7	69
852	8	48
852	9	52
853	0	39
853	1	49
853	2	44
853	3	21
853	4	93
853	5	43
853	6	32
853	7	34
853	8	54
853	9	30
854	0	23
854	1	33
854	2	78
854	3	49
854	4	35
854	5	15
854	6	39
854	7	50
854	8	51
854	9	53
855	0	36
855	1	59
855	2	40
855	3	30
855	4	82
855	5	17
855	6	37
855	7	33
855	8	86
855	9	53
856	0	55
856	1	66
856	2	79
856	3	44
856	4	37
856	5	26
856	6	39
856	7	29
856	8	76
856	9	40
857	0	23
857	1	38
857	2	69
857	3	28
857	4	33
857	5	16
857	6	28
857	7	82
857	8	41
857	9	61
858	0	24
858	1	50
858	2	87
858	3	21
858	4	87
858	5	14
858	6	25
858	7	39
858	8	81
858	9	48
859	0	32
859	1	58
859	2	77
859	3	55
859	4	69
859	5	30
859	6	18
859	7	76
859	8	70
859	9	32
860	0	58
860	1	58
860	2	37
860	3	56
860	4	89
860	5	32
860	6	38
860	7	62
860	8	39
860	9	35
861	0	28
861	1	29
861	2	45
861	3	35
861	4	72
861	5	16
861	6	22
861	7	72
861	8	84
861	9	52
862	0	57
862	1	40
862	2	32
862	3	20
862	4	63
862	5	31
862	6	32
862	7	75
862	8	56
862	9	43
863	0	40
863	1	42
863	2	86
863	3	35
863	4	76
863	5	15
863	6	34
863	7	70
863	8	75
863	9	32
864	0	47
864	1	59
864	2	32
864	3	38
864	4	80
864	5	17
864	6	27
864	7	50
864	8	78
864	9	26
865	0	19
865	1	36
865	2	70
865	3	45
865	4	99
865	5	25
865	6	41
865	7	53
865	8	32
865	9	22
866	0	35
866	1	22
866	2	45
866	3	47
866	4	50
866	5	38
866	6	28
866	7	62
866	8	52
866	9	43
867	0	43
867	1	22
867	2	54
867	3	29
867	4	51
867	5	19
867	6	22
867	7	49
867	8	40
867	9	35
868	0	53
868	1	35
868	2	77
868	3	35
868	4	42
868	5	35
868	6	19
868	7	58
868	8	73
868	9	52
869	0	19
869	1	56
869	2	49
869	3	57
869	4	77
869	5	16
869	6	15
869	7	71
869	8	38
869	9	20
870	0	20
870	1	45
870	2	63
870	3	35
870	4	57
870	5	17
870	6	41
870	7	51
870	8	80
870	9	32
871	0	36
871	1	36
871	2	71
871	3	44
871	4	41
871	5	39
871	6	33
871	7	27
871	8	80
871	9	25
872	0	21
872	1	37
872	2	88
872	3	35
872	4	80
872	5	43
872	6	24
872	7	65
872	8	55
872	9	30
873	0	55
873	1	46
873	2	62
873	3	29
873	4	83
873	5	31
873	6	42
873	7	51
873	8	80
873	9	22
874	0	27
874	1	64
874	2	68
874	3	36
874	4	92
874	5	44
874	6	26
874	7	33
874	8	54
874	9	40
875	0	53
875	1	51
875	2	66
875	3	21
875	4	91
875	5	25
875	6	40
875	7	52
875	8	57
875	9	48
876	0	33
876	1	27
876	2	67
876	3	32
876	4	45
876	5	30
876	6	17
876	7	68
876	8	34
876	9	57
877	0	44
877	1	64
877	2	79
877	3	27
877	4	81
877	5	38
877	6	16
877	7	66
877	8	65
877	9	26
878	0	42
878	1	42
878	2	66
878	3	48
878	4	99
878	5	16
878	6	30
878	7	51
878	8	30
878	9	48
879	0	22
879	1	60
879	2	77
879	3	48
879	4	74
879	5	26
879	6	20
879	7	39
879	8	44
879	9	59
880	0	31
880	1	39
880	2	37
880	3	40
880	4	73
880	5	25
880	6	31
880	7	43
880	8	31
880	9	43
881	0	21
881	1	27
881	2	67
881	3	44
881	4	67
881	5	40
881	6	20
881	7	79
881	8	34
881	9	53
882	0	42
882	1	65
882	2	68
882	3	47
882	4	47
882	5	34
882	6	37
882	7	61
882	8	72
882	9	37
883	0	44
883	1	53
883	2	89
883	3	39
883	4	49
883	5	17
883	6	38
883	7	71
883	8	53
883	9	44
884	0	48
884	1	54
884	2	83
884	3	27
884	4	72
884	5	39
884	6	34
884	7	77
884	8	64
884	9	56
885	0	32
885	1	56
885	2	31
885	3	23
885	4	95
885	5	42
885	6	32
885	7	63
885	8	34
885	9	30
886	0	54
886	1	57
886	2	52
886	3	57
886	4	40
886	5	17
886	6	17
886	7	40
886	8	67
886	9	26
887	0	54
887	1	41
887	2	60
887	3	36
887	4	81
887	5	28
887	6	44
887	7	32
887	8	60
887	9	22
888	0	50
888	1	48
888	2	42
888	3	49
888	4	45
888	5	38
888	6	24
888	7	63
888	8	56
888	9	57
889	0	30
889	1	45
889	2	57
889	3	34
889	4	54
889	5	28
889	6	18
889	7	35
889	8	73
889	9	55
890	0	49
890	1	27
890	2	70
890	3	36
890	4	83
890	5	38
890	6	19
890	7	36
890	8	41
890	9	25
891	0	55
891	1	55
891	2	58
891	3	38
891	4	61
891	5	15
891	6	39
891	7	38
891	8	70
891	9	56
892	0	19
892	1	39
892	2	64
892	3	25
892	4	63
892	5	26
892	6	16
892	7	53
892	8	64
892	9	29
893	0	30
893	1	37
893	2	39
893	3	29
893	4	51
893	5	33
893	6	15
893	7	34
893	8	43
893	9	36
894	0	54
894	1	25
894	2	52
894	3	46
894	4	63
894	5	17
894	6	34
894	7	68
894	8	59
894	9	52
895	0	51
895	1	35
895	2	57
895	3	42
895	4	38
895	5	27
895	6	19
895	7	53
895	8	57
895	9	29
896	0	23
896	1	44
896	2	66
896	3	27
896	4	49
896	5	30
896	6	41
896	7	63
896	8	50
896	9	56
897	0	40
897	1	47
897	2	62
897	3	29
897	4	42
897	5	24
897	6	18
897	7	61
897	8	86
897	9	51
898	0	29
898	1	37
898	2	66
898	3	49
898	4	57
898	5	26
898	6	30
898	7	37
898	8	43
898	9	58
899	0	33
899	1	53
899	2	66
899	3	34
899	4	51
899	5	38
899	6	18
899	7	27
899	8	61
899	9	61
900	0	25
900	1	34
900	2	68
900	3	48
900	4	47
900	5	23
900	6	35
900	7	81
900	8	39
900	9	54
901	0	27
901	1	51
901	2	48
901	3	31
901	4	63
901	5	19
901	6	33
901	7	80
901	8	71
901	9	45
902	0	40
902	1	53
902	2	40
902	3	22
902	4	85
902	5	28
902	6	26
902	7	41
902	8	60
902	9	53
903	0	28
903	1	62
903	2	90
903	3	51
903	4	43
903	5	25
903	6	31
903	7	50
903	8	34
903	9	38
904	0	53
904	1	28
904	2	37
904	3	51
904	4	99
904	5	39
904	6	44
904	7	80
904	8	61
904	9	35
905	0	40
905	1	40
905	2	80
905	3	55
905	4	64
905	5	35
905	6	39
905	7	34
905	8	68
905	9	30
906	0	48
906	1	63
906	2	90
906	3	25
906	4	62
906	5	28
906	6	32
906	7	39
906	8	67
906	9	55
907	0	26
907	1	31
907	2	54
907	3	44
907	4	97
907	5	34
907	6	44
907	7	57
907	8	78
907	9	55
908	0	22
908	1	46
908	2	51
908	3	23
908	4	69
908	5	38
908	6	43
908	7	79
908	8	37
908	9	27
909	0	39
909	1	35
909	2	86
909	3	25
909	4	52
909	5	30
909	6	27
909	7	38
909	8	76
909	9	23
910	0	33
910	1	26
910	2	64
910	3	59
910	4	83
910	5	28
910	6	44
910	7	64
910	8	83
910	9	39
911	0	23
911	1	66
911	2	56
911	3	50
911	4	69
911	5	40
911	6	44
911	7	76
911	8	79
911	9	28
912	0	27
912	1	57
912	2	38
912	3	47
912	4	77
912	5	22
912	6	44
912	7	50
912	8	69
912	9	38
913	0	28
913	1	64
913	2	54
913	3	33
913	4	55
913	5	44
913	6	29
913	7	55
913	8	79
913	9	55
914	0	58
914	1	49
914	2	52
914	3	47
914	4	37
914	5	38
914	6	19
914	7	68
914	8	74
914	9	47
915	0	30
915	1	61
915	2	54
915	3	26
915	4	49
915	5	23
915	6	31
915	7	82
915	8	82
915	9	34
916	0	46
916	1	41
916	2	76
916	3	44
916	4	73
916	5	19
916	6	21
916	7	29
916	8	72
916	9	50
917	0	28
917	1	49
917	2	54
917	3	24
917	4	47
917	5	23
917	6	35
917	7	44
917	8	39
917	9	31
918	0	55
918	1	59
918	2	49
918	3	39
918	4	81
918	5	22
918	6	18
918	7	62
918	8	82
918	9	33
919	0	57
919	1	45
919	2	45
919	3	23
919	4	95
919	5	24
919	6	37
919	7	63
919	8	64
919	9	53
920	0	49
920	1	35
920	2	49
920	3	44
920	4	35
920	5	31
920	6	28
920	7	67
920	8	57
920	9	59
921	0	48
921	1	37
921	2	76
921	3	39
921	4	92
921	5	20
921	6	33
921	7	66
921	8	53
921	9	59
922	0	57
922	1	55
922	2	62
922	3	29
922	4	62
922	5	19
922	6	24
922	7	45
922	8	80
922	9	56
923	0	27
923	1	59
923	2	55
923	3	36
923	4	53
923	5	30
923	6	19
923	7	44
923	8	37
923	9	25
924	0	29
924	1	60
924	2	76
924	3	48
924	4	95
924	5	14
924	6	33
924	7	74
924	8	85
924	9	51
925	0	26
925	1	50
925	2	85
925	3	25
925	4	61
925	5	30
925	6	40
925	7	59
925	8	81
925	9	35
926	0	24
926	1	52
926	2	81
926	3	42
926	4	71
926	5	37
926	6	35
926	7	31
926	8	42
926	9	56
927	0	20
927	1	57
927	2	38
927	3	36
927	4	90
927	5	22
927	6	41
927	7	78
927	8	65
927	9	51
928	0	36
928	1	52
928	2	84
928	3	47
928	4	43
928	5	20
928	6	31
928	7	37
928	8	75
928	9	27
929	0	53
929	1	41
929	2	40
929	3	41
929	4	49
929	5	36
929	6	27
929	7	78
929	8	65
929	9	57
930	0	21
930	1	61
930	2	48
930	3	38
930	4	87
930	5	42
930	6	37
930	7	30
930	8	76
930	9	30
931	0	27
931	1	51
931	2	57
931	3	29
931	4	91
931	5	43
931	6	36
931	7	55
931	8	32
931	9	29
932	0	51
932	1	54
932	2	68
932	3	42
932	4	91
932	5	17
932	6	38
932	7	58
932	8	53
932	9	57
933	0	47
933	1	23
933	2	46
933	3	40
933	4	74
933	5	30
933	6	43
933	7	82
933	8	31
933	9	52
934	0	46
934	1	60
934	2	52
934	3	35
934	4	49
934	5	38
934	6	43
934	7	79
934	8	64
934	9	39
935	0	40
935	1	39
935	2	51
935	3	26
935	4	69
935	5	29
935	6	18
935	7	63
935	8	50
935	9	43
936	0	54
936	1	57
936	2	37
936	3	30
936	4	47
936	5	39
936	6	16
936	7	45
936	8	35
936	9	28
937	0	44
937	1	28
937	2	65
937	3	25
937	4	71
937	5	29
937	6	27
937	7	76
937	8	32
937	9	33
938	0	28
938	1	65
938	2	64
938	3	21
938	4	69
938	5	41
938	6	30
938	7	50
938	8	31
938	9	22
939	0	28
939	1	38
939	2	71
939	3	42
939	4	89
939	5	40
939	6	37
939	7	59
939	8	52
939	9	31
940	0	40
940	1	38
940	2	38
940	3	53
940	4	54
940	5	25
940	6	34
940	7	42
940	8	62
940	9	40
941	0	28
941	1	30
941	2	45
941	3	40
941	4	40
941	5	37
941	6	24
941	7	50
941	8	51
941	9	45
942	0	29
942	1	42
942	2	60
942	3	48
942	4	87
942	5	22
942	6	45
942	7	27
942	8	65
942	9	28
943	0	35
943	1	44
943	2	31
943	3	27
943	4	65
943	5	41
943	6	42
943	7	53
943	8	67
943	9	42
944	0	54
944	1	63
944	2	65
944	3	56
944	4	91
944	5	30
944	6	41
944	7	58
944	8	85
944	9	55
945	0	37
945	1	48
945	2	77
945	3	58
945	4	96
945	5	28
945	6	24
945	7	54
945	8	53
945	9	37
946	0	52
946	1	22
946	2	77
946	3	52
946	4	85
946	5	44
946	6	40
946	7	47
946	8	80
946	9	45
947	0	21
947	1	57
947	2	85
947	3	55
947	4	59
947	5	34
947	6	31
947	7	42
947	8	47
947	9	20
948	0	42
948	1	50
948	2	33
948	3	25
948	4	87
948	5	24
948	6	34
948	7	39
948	8	46
948	9	21
949	0	54
949	1	53
949	2	72
949	3	45
949	4	52
949	5	26
949	6	18
949	7	82
949	8	76
949	9	59
950	0	39
950	1	34
950	2	53
950	3	25
950	4	73
950	5	23
950	6	42
950	7	77
950	8	37
950	9	51
951	0	48
951	1	46
951	2	32
951	3	36
951	4	61
951	5	34
951	6	27
951	7	69
951	8	33
951	9	50
952	0	47
952	1	41
952	2	76
952	3	36
952	4	55
952	5	29
952	6	38
952	7	55
952	8	45
952	9	22
953	0	48
953	1	52
953	2	67
953	3	54
953	4	51
953	5	26
953	6	18
953	7	30
953	8	85
953	9	37
954	0	38
954	1	31
954	2	72
954	3	58
954	4	47
954	5	33
954	6	17
954	7	77
954	8	74
954	9	46
955	0	46
955	1	22
955	2	82
955	3	26
955	4	50
955	5	42
955	6	38
955	7	40
955	8	49
955	9	51
956	0	57
956	1	55
956	2	73
956	3	49
956	4	35
956	5	23
956	6	22
956	7	42
956	8	83
956	9	47
957	0	53
957	1	63
957	2	82
957	3	37
957	4	98
957	5	27
957	6	38
957	7	41
957	8	62
957	9	52
958	0	35
958	1	35
958	2	59
958	3	48
958	4	57
958	5	41
958	6	29
958	7	44
958	8	72
958	9	40
959	0	44
959	1	52
959	2	38
959	3	42
959	4	69
959	5	44
959	6	17
959	7	45
959	8	43
959	9	31
960	0	58
960	1	26
960	2	45
960	3	49
960	4	65
960	5	44
960	6	35
960	7	45
960	8	37
960	9	40
961	0	39
961	1	57
961	2	46
961	3	39
961	4	62
961	5	29
961	6	33
961	7	61
961	8	34
961	9	22
962	0	23
962	1	66
962	2	61
962	3	20
962	4	55
962	5	25
962	6	37
962	7	46
962	8	65
962	9	62
963	0	46
963	1	58
963	2	41
963	3	44
963	4	50
963	5	21
963	6	28
963	7	35
963	8	31
963	9	33
964	0	24
964	1	44
964	2	91
964	3	29
964	4	95
964	5	42
964	6	37
964	7	35
964	8	73
964	9	40
965	0	49
965	1	36
965	2	85
965	3	31
965	4	61
965	5	42
965	6	22
965	7	72
965	8	65
965	9	25
966	0	42
966	1	36
966	2	68
966	3	31
966	4	98
966	5	37
966	6	43
966	7	34
966	8	63
966	9	47
967	0	27
967	1	24
967	2	55
967	3	48
967	4	73
967	5	40
967	6	30
967	7	73
967	8	60
967	9	49
968	0	49
968	1	48
968	2	43
968	3	32
968	4	96
968	5	29
968	6	24
968	7	58
968	8	80
968	9	47
969	0	56
969	1	44
969	2	68
969	3	21
969	4	72
969	5	38
969	6	19
969	7	51
969	8	42
969	9	58
970	0	44
970	1	65
970	2	54
970	3	46
970	4	61
970	5	25
970	6	40
970	7	72
970	8	66
970	9	35
971	0	32
971	1	24
971	2	57
971	3	53
971	4	78
971	5	17
971	6	28
971	7	36
971	8	37
971	9	38
972	0	55
972	1	50
972	2	32
972	3	28
972	4	54
972	5	15
972	6	17
972	7	68
972	8	56
972	9	23
973	0	38
973	1	24
973	2	80
973	3	38
973	4	81
973	5	22
973	6	43
973	7	70
973	8	42
973	9	41
974	0	53
974	1	53
974	2	45
974	3	48
974	4	87
974	5	32
974	6	41
974	7	43
974	8	73
974	9	27
975	0	52
975	1	51
975	2	58
975	3	24
975	4	69
975	5	35
975	6	24
975	7	70
975	8	65
975	9	60
976	0	42
976	1	65
976	2	58
976	3	50
976	4	93
976	5	28
976	6	20
976	7	65
976	8	59
976	9	22
977	0	23
977	1	53
977	2	81
977	3	57
977	4	83
977	5	19
977	6	22
977	7	64
977	8	71
977	9	60
978	0	52
978	1	29
978	2	73
978	3	31
978	4	96
978	5	36
978	6	27
978	7	44
978	8	48
978	9	22
979	0	25
979	1	27
979	2	60
979	3	27
979	4	67
979	5	17
979	6	26
979	7	61
979	8	81
979	9	30
980	0	33
980	1	28
980	2	86
980	3	48
980	4	33
980	5	39
980	6	26
980	7	64
980	8	59
980	9	34
981	0	37
981	1	56
981	2	54
981	3	30
981	4	85
981	5	42
981	6	17
981	7	80
981	8	64
981	9	53
982	0	55
982	1	45
982	2	91
982	3	38
982	4	49
982	5	26
982	6	22
982	7	71
982	8	85
982	9	57
983	0	24
983	1	57
983	2	77
983	3	33
983	4	59
983	5	41
983	6	17
983	7	52
983	8	77
983	9	24
984	0	49
984	1	44
984	2	45
984	3	22
984	4	41
984	5	14
984	6	19
984	7	54
984	8	44
984	9	29
985	0	25
985	1	39
985	2	41
985	3	21
985	4	97
985	5	33
985	6	16
985	7	44
985	8	54
985	9	40
986	0	21
986	1	23
986	2	89
986	3	52
986	4	74
986	5	40
986	6	16
986	7	53
986	8	35
986	9	55
987	0	46
987	1	62
987	2	54
987	3	56
987	4	74
987	5	35
987	6	31
987	7	35
987	8	45
987	9	54
988	0	35
988	1	43
988	2	90
988	3	60
988	4	73
988	5	30
988	6	43
988	7	37
988	8	34
988	9	48
989	0	32
989	1	53
989	2	57
989	3	51
989	4	89
989	5	38
989	6	23
989	7	34
989	8	80
989	9	47
990	0	49
990	1	37
990	2	37
990	3	45
990	4	80
990	5	39
990	6	36
990	7	68
990	8	64
990	9	29
991	0	39
991	1	49
991	2	30
991	3	59
991	4	44
991	5	16
991	6	24
991	7	62
991	8	42
991	9	55
992	0	52
992	1	24
992	2	79
992	3	42
992	4	64
992	5	33
992	6	29
992	7	39
992	8	38
992	9	37
993	0	32
993	1	59
993	2	67
993	3	46
993	4	70
993	5	33
993	6	24
993	7	39
993	8	40
993	9	23
994	0	23
994	1	63
994	2	33
994	3	34
994	4	55
994	5	39
994	6	22
994	7	51
994	8	82
994	9	38
995	0	56
995	1	42
995	2	43
995	3	36
995	4	99
995	5	17
995	6	32
995	7	46
995	8	82
995	9	29
996	0	33
996	1	22
996	2	82
996	3	42
996	4	50
996	5	18
996	6	26
996	7	49
996	8	54
996	9	41
997	0	42
997	1	54
997	2	76
997	3	29
997	4	83
997	5	29
997	6	42
997	7	46
997	8	82
997	9	60
998	0	36
998	1	65
998	2	32
998	3	22
998	4	70
998	5	25
998	6	44
998	7	31
998	8	76
998	9	51
999	0	50
999	1	28
999	2	49
999	3	43
999	4	37
999	5	38
999	6	18
999	7	64
999	8	56
999	9	34
