region	country	latency
0	0	340
0	1	1188
0	2	872
0	3	60
0	4	1623
0	5	1849
0	6	1585
0	7	739
0	8	1063
0	9	1092
0	10	338
0	11	680
0	12	435
0	13	1685
0	14	1179
0	15	1509
0	16	1012
0	17	1853
0	18	440
0	19	1200
1	0	1021
1	1	855
1	2	1415
1	3	1272
1	4	395
1	5	1228
1	6	115
1	7	1030
1	8	1765
1	9	618
1	10	477
1	11	891
1	12	634
1	13	1542
1	14	515
1	15	1390
1	16	1994
1	17	9
1	18	1775
1	19	1738
2	0	1710
2	1	415
2	2	854
2	3	636
2	4	1182
2	5	1468
2	6	1004
2	7	1237
2	8	1072
2	9	592
2	10	1935
2	11	1140
2	12	1409
2	13	983
2	14	1603
2	15	1306
2	16	571
2	17	1810
2	18	796
2	19	1133
3	0	1421
3	1	352
3	2	1167
3	3	1027
3	4	977
3	5	943
3	6	1252
3	7	219
3	8	1565
3	9	1187
3	10	1413
3	11	238
3	12	603
3	13	1803
3	14	181
3	15	5
3	16	1567
3	17	903
3	18	1603
3	19	1093
4	0	516
4	1	1053
4	2	1766
4	3	277
4	4	1921
4	5	1680
4	6	1477
4	7	1312
4	8	1118
4	9	929
4	10	1676
4	11	1813
4	12	260
4	13	751
4	14	657
4	15	1035
4	16	1407
4	17	134
4	18	714
4	19	1972
5	0	1290
5	1	1669
5	2	1757
5	3	1087
5	4	887
5	5	1900
5	6	1150
5	7	1323
5	8	1895
5	9	257
5	10	1195
5	11	234
5	12	1122
5	13	1204
5	14	1063
5	15	331
5	16	1721
5	17	1188
5	18	1875
5	19	1990
6	0	912
6	1	718
6	2	97
6	3	134
6	4	105
6	5	1058
6	6	1968
6	7	677
6	8	1937
6	9	494
6	10	562
6	11	1251
6	12	1204
6	13	1292
6	14	185
6	15	562
6	16	753
6	17	1735
6	18	1640
6	19	119
7	0	1229
7	1	238
7	2	1841
7	3	1058
7	4	400
7	5	820
7	6	1627
7	7	1181
7	8	334
7	9	353
7	10	317
7	11	491
7	12	1330
7	13	736
7	14	868
7	15	1861
7	16	1595
7	17	1416
7	18	1603
7	19	580
8	0	305
8	1	429
8	2	803
8	3	122
8	4	1030
8	5	109
8	6	1674
8	7	1270
8	8	1539
8	9	166
8	10	1385
8	11	1357
8	12	514
8	13	1091
8	14	551
8	15	320
8	16	655
8	17	376
8	18	963
8	19	673
9	0	1088
9	1	1486
9	2	1826
9	3	288
9	4	1818
9	5	662
9	6	1224
9	7	68
9	8	1103
9	9	1924
9	10	1058
9	11	455
9	12	1720
9	13	902
9	14	11
9	15	317
9	16	1616
9	17	1543
9	18	1424
9	19	1828
10	0	1894
10	1	754
10	2	861
10	3	1325
10	4	472
10	5	850
10	6	1959
10	7	1543
10	8	1345
10	9	793
10	10	1162
10	11	1540
10	12	1450
10	13	1265
10	14	680
10	15	198
10	16	1108
10	17	1485
10	18	1114
10	19	74
11	0	475
11	1	1730
11	2	1559
11	3	71
11	4	667
11	5	112
11	6	1877
11	7	1034
11	8	270
11	9	25
11	10	1671
11	11	1448
11	12	394
11	13	222
11	14	1214
11	15	1086
11	16	96
11	17	103
11	18	1642
11	19	991
12	0	988
12	1	286
12	2	1487
12	3	1307
12	4	369
12	5	1031
12	6	1735
12	7	317
12	8	1109
12	9	663
12	10	127
12	11	1816
12	12	134
12	13	1080
12	14	1138
12	15	1610
12	16	1429
12	17	571
12	18	1232
12	19	1684
13	0	1172
13	1	405
13	2	981
13	3	653
13	4	261
13	5	940
13	6	1453
13	7	1645
13	8	189
13	9	949
13	10	228
13	11	1930
13	12	1506
13	13	1198
13	14	1223
13	15	1131
13	16	1739
13	17	143
13	18	746
13	19	1775
14	0	1320
14	1	304
14	2	944
14	3	906
14	4	844
14	5	1593
14	6	1608
14	7	480
14	8	989
14	9	484
14	10	774
14	11	1737
14	12	54
14	13	432
14	14	971
14	15	593
14	16	1685
14	17	1724
14	18	59
14	19	801
15	0	208
15	1	1688
15	2	110
15	3	140
15	4	1849
15	5	426
15	6	368
15	7	820
15	8	1397
15	9	1464
15	10	1452
15	11	1873
15	12	880
15	13	1070
15	14	573
15	15	183
15	16	822
15	17	1683
15	18	127
15	19	1695
16	0	598
16	1	9
16	2	1798
16	3	1148
16	4	523
16	5	1848
16	6	955
16	7	1652
16	8	274
16	9	1047
16	10	1081
16	11	1720
16	12	1766
16	13	239
16	14	388
16	15	1816
16	16	1397
16	17	1523
16	18	759
16	19	1160
17	0	1211
17	1	1493
17	2	249
17	3	1694
17	4	231
17	5	1490
17	6	353
17	7	1918
17	8	199
17	9	157
17	10	1313
17	11	1480
17	12	462
17	13	1562
17	14	1675
17	15	1474
17	16	401
17	17	1915
17	18	561
17	19	1207
18	0	1745
18	1	590
18	2	866
18	3	1559
18	4	1115
18	5	837
18	6	204
18	7	1540
18	8	1320
18	9	1389
18	10	1022
18	11	1759
18	12	403
18	13	696
18	14	39
18	15	56
18	16	30
18	17	1279
18	18	1655
18	19	382
19	0	1008
19	1	1869
19	2	1376
19	3	1243
19	4	1807
19	5	492
19	6	1860
19	7	1671
19	8	563
19	9	681
19	10	483
19	11	1417
19	12	932
19	13	1599
19	14	211
19	15	1637
19	16	203
19	17	17
19	18	223
19	19	147
20	0	262
20	1	911
20	2	1496
20	3	982
20	4	276
20	5	1402
20	6	1617
20	7	1480
20	8	186
20	9	559
20	10	257
20	11	1299
20	12	1916
20	13	1256
20	14	1591
20	15	893
20	16	1304
20	17	610
20	18	127
20	19	515
21	0	1916
21	1	916
21	2	873
21	3	1215
21	4	584
21	5	1734
21	6	1629
21	7	412
21	8	1013
21	9	1049
21	10	1161
21	11	847
21	12	662
21	13	345
21	14	1542
21	15	1736
21	16	1418
21	17	1907
21	18	341
21	19	708
22	0	1172
22	1	887
22	2	840
22	3	465
22	4	1572
22	5	1568
22	6	760
22	7	1921
22	8	1643
22	9	81
22	10	838
22	11	642
22	12	1341
22	13	869
22	14	880
22	15	626
22	16	526
22	17	971
22	18	343
22	19	1145
23	0	228
23	1	1624
23	2	737
23	3	620
23	4	238
23	5	417
23	6	1952
23	7	826
23	8	1707
23	9	809
23	10	944
23	11	240
23	12	912
23	13	796
23	14	1716
23	15	1800
23	16	109
23	17	1486
23	18	1160
23	19	1009
24	0	1471
24	1	1118
24	2	1129
24	3	1655
24	4	1918
24	5	149
24	6	1400
24	7	73
24	8	614
24	9	581
24	10	1108
24	11	514
24	12	664
24	13	699
24	14	1375
24	15	1065
24	16	1209
24	17	1631
24	18	991
24	19	1487
25	0	434
25	1	501
25	2	1995
25	3	1520
25	4	541
25	5	1515
25	6	307
25	7	1905
25	8	1281
25	9	427
25	10	1731
25	11	1168
25	12	227
25	13	1800
25	14	861
25	15	1654
25	16	1572
25	17	1201
25	18	1756
25	19	1004
26	0	197
26	1	461
26	2	1402
26	3	927
26	4	1301
26	5	842
26	6	1802
26	7	1715
26	8	208
26	9	1506
26	10	1837
26	11	835
26	12	1208
26	13	66
26	14	651
26	15	1536
26	16	925
26	17	180
26	18	1187
26	19	947
27	0	1648
27	1	338
27	2	1285
27	3	1375
27	4	1714
27	5	1813
27	6	1598
27	7	1053
27	8	1271
27	9	954
27	10	973
27	11	381
27	12	1989
27	13	809
27	14	877
27	15	1459
27	16	1857
27	17	1876
27	18	1616
27	19	528
28	0	1671
28	1	1517
28	2	1053
28	3	47
28	4	1233
28	5	1301
28	6	1415
28	7	1946
28	8	781
28	9	263
28	10	851
28	11	1797
28	12	1944
28	13	1093
28	14	568
28	15	1189
28	16	1703
28	17	175
28	18	1550
28	19	1961
29	0	733
29	1	1972
29	2	738
29	3	844
29	4	661
29	5	1925
29	6	1262
29	7	1891
29	8	232
29	9	179
29	10	532
29	11	309
29	12	648
29	13	309
29	14	334
29	15	1946
29	16	367
29	17	1922
29	18	548
29	19	1547
30	0	1653
30	1	155
30	2	1464
30	3	884
30	4	1425
30	5	724
30	6	1632
30	7	1608
30	8	775
30	9	497
30	10	177
30	11	1593
30	12	372
30	13	728
30	14	1628
30	15	1419
30	16	476
30	17	1873
30	18	797
30	19	453
31	0	772
31	1	669
31	2	1430
31	3	1196
31	4	482
31	5	1285
31	6	1645
31	7	1046
31	8	1807
31	9	398
31	10	1503
31	11	1033
31	12	1291
31	13	465
31	14	220
31	15	1874
31	16	749
31	17	1617
31	18	830
31	19	1116
32	0	1577
32	1	1640
32	2	1034
32	3	163
32	4	1038
32	5	100
32	6	1377
32	7	361
32	8	1865
32	9	702
32	10	281
32	11	76
32	12	1162
32	13	816
32	14	288
32	15	699
32	16	1524
32	17	1480
32	18	1332
32	19	104
33	0	1777
33	1	1163
33	2	1240
33	3	1307
33	4	1839
33	5	1419
33	6	1688
33	7	1827
33	8	958
33	9	1165
33	10	991
33	11	1474
33	12	1350
33	13	150
33	14	1279
33	15	581
33	16	957
33	17	1813
33	18	1800
33	19	575
34	0	1686
34	1	1462
34	2	1250
34	3	1244
34	4	1895
34	5	1485
34	6	1898
34	7	424
34	8	1954
34	9	1197
34	10	1006
34	11	1563
34	12	790
34	13	1185
34	14	1377
34	15	948
34	16	107
34	17	217
34	18	1415
34	19	273
35	0	1318
35	1	57
35	2	573
35	3	909
35	4	1342
35	5	475
35	6	1269
35	7	213
35	8	1439
35	9	1799
35	10	1791
35	11	26
35	12	1330
35	13	1469
35	14	453
35	15	1211
35	16	1332
35	17	66
35	18	1408
35	19	893
36	0	945
36	1	453
36	2	1160
36	3	809
36	4	1419
36	5	712
36	6	592
36	7	818
36	8	412
36	9	134
36	10	1763
36	11	1205
36	12	453
36	13	1594
36	14	1680
36	15	748
36	16	186
36	17	2000
36	18	619
36	19	1706
37	0	1829
37	1	1859
37	2	1975
37	3	658
37	4	1747
37	5	12
37	6	1231
37	7	1223
37	8	193
37	9	444
37	10	1658
37	11	1695
37	12	737
37	13	1069
37	14	920
37	15	1218
37	16	434
37	17	848
37	18	1986
37	19	611
38	0	7970
38	1	6785
38	2	2035
38	3	7730
38	4	8530
38	5	6815
38	6	8440
38	7	4580
38	8	6585
38	9	7655
38	10	6410
38	11	875
38	12	7510
38	13	825
38	14	3830
38	15	5520
38	16	9345
38	17	8715
38	18	2390
38	19	770
39	0	4650
39	1	4050
39	2	4520
39	3	9180
39	4	6210
39	5	8310
39	6	8855
39	7	1970
39	8	6610
39	9	2590
39	10	4845
39	11	4170
39	12	5300
39	13	8485
39	14	6085
39	15	4845
39	16	3500
39	17	1495
39	18	2220
39	19	1005
40	0	9075
40	1	110
40	2	2610
40	3	5645
40	4	3930
40	5	1375
40	6	7345
40	7	2615
40	8	9550
40	9	5575
40	10	5440
40	11	745
40	12	9030
40	13	7180
40	14	1230
40	15	2245
40	16	2970
40	17	3305
40	18	6375
40	19	1605
41	0	2515
41	1	7645
41	2	4035
41	3	1150
41	4	7745
41	5	7215
41	6	9505
41	7	7555
41	8	4235
41	9	4115
41	10	8820
41	11	9935
41	12	3845
41	13	3330
41	14	6460
41	15	7325
41	16	5590
41	17	3890
41	18	9895
41	19	6170
42	0	9240
42	1	5180
42	2	8250
42	3	2090
42	4	8950
42	5	4915
42	6	8650
42	7	5195
42	8	9330
42	9	735
42	10	2410
42	11	2010
42	12	3225
42	13	4535
42	14	2955
42	15	4615
42	16	1965
42	17	6945
42	18	8155
42	19	9390
43	0	4240
43	1	8215
43	2	7310
43	3	6215
43	4	4300
43	5	890
43	6	8970
43	7	1280
43	8	1270
43	9	795
43	10	3960
43	11	7035
43	12	5075
43	13	4685
43	14	4125
43	15	1045
43	16	6060
43	17	4735
43	18	6155
43	19	225
44	0	1895
44	1	4010
44	2	1335
44	3	6010
44	4	3595
44	5	1955
44	6	45
44	7	9045
44	8	4595
44	9	8340
44	10	1190
44	11	7015
44	12	4315
44	13	8850
44	14	2440
44	15	2595
44	16	2905
44	17	7075
44	18	7900
44	19	7905
45	0	4350
45	1	2035
45	2	5135
45	3	4630
45	4	8855
45	5	4665
45	6	9650
45	7	8060
45	8	1475
45	9	2085
45	10	4080
45	11	8950
45	12	1840
45	13	30
45	14	4420
45	15	1150
45	16	4180
45	17	2650
45	18	5000
45	19	1645
46	0	6925
46	1	9700
46	2	9640
46	3	1700
46	4	2695
46	5	6045
46	6	5475
46	7	3835
46	8	310
46	9	9610
46	10	3445
46	11	7830
46	12	2010
46	13	1625
46	14	2910
46	15	1990
46	16	1455
46	17	3020
46	18	8760
46	19	2385
47	0	2410
47	1	7155
47	2	1745
47	3	3390
47	4	3500
47	5	3345
47	6	6725
47	7	2095
47	8	3895
47	9	7620
47	10	5385
47	11	9800
47	12	3565
47	13	8880
47	14	1905
47	15	2660
47	16	5190
47	17	15
47	18	75
47	19	2920
48	0	1790
48	1	9435
48	2	2820
48	3	8620
48	4	4455
48	5	5740
48	6	2170
48	7	9045
48	8	4215
48	9	2635
48	10	2730
48	11	7415
48	12	9660
48	13	5705
48	14	5730
48	15	6615
48	16	75
48	17	2165
48	18	7080
48	19	8980
49	0	7395
49	1	2935
49	2	4535
49	3	9220
49	4	2590
49	5	1150
49	6	7000
49	7	2415
49	8	5960
49	9	5960
49	10	6005
49	11	6395
49	12	3310
49	13	6295
49	14	5805
49	15	2700
49	16	5655
49	17	1380
49	18	1085
49	19	8740
50	0	7440
50	1	2490
50	2	9945
50	3	8715
50	4	8730
50	5	7890
50	6	8330
50	7	305
50	8	1980
50	9	2390
50	10	2340
50	11	6315
50	12	8655
50	13	6015
50	14	1570
50	15	7125
50	16	7335
50	17	9050
50	18	1825
50	19	6155
51	0	9305
51	1	215
51	2	3185
51	3	80
51	4	2400
51	5	7975
51	6	5770
51	7	1595
51	8	1835
51	9	3010
51	10	7735
51	11	6675
51	12	905
51	13	5200
51	14	6460
51	15	7400
51	16	4470
51	17	615
51	18	325
51	19	4470
52	0	5415
52	1	5600
52	2	4375
52	3	9150
52	4	2110
52	5	45
52	6	7070
52	7	1035
52	8	5585
52	9	1110
52	10	2980
52	11	990
52	12	6275
52	13	4310
52	14	4195
52	15	1205
52	16	1800
52	17	6620
52	18	9740
52	19	1190
53	0	1320
53	1	4190
53	2	1095
53	3	5210
53	4	3800
53	5	815
53	6	7345
53	7	4765
53	8	1485
53	9	8410
53	10	4295
53	11	8365
53	12	5815
53	13	3655
53	14	7380
53	15	870
53	16	2505
53	17	2890
53	18	1070
53	19	4475
54	0	9715
54	1	3915
54	2	9405
54	3	9665
54	4	8070
54	5	5790
54	6	1155
54	7	9590
54	8	4355
54	9	4535
54	10	8685
54	11	5780
54	12	1675
54	13	4120
54	14	6755
54	15	6315
54	16	4200
54	17	8125
54	18	4490
54	19	1815
55	0	2275
55	1	1540
55	2	3725
55	3	7350
55	4	7920
55	5	465
55	6	3980
55	7	7380
55	8	4160
55	9	5510
55	10	5500
55	11	170
55	12	1085
55	13	8570
55	14	1005
55	15	4865
55	16	615
55	17	9170
55	18	3130
55	19	750
56	0	4775
56	1	8210
56	2	800
56	3	4085
56	4	7940
56	5	3690
56	6	5870
56	7	230
56	8	6640
56	9	8325
56	10	5960
56	11	480
56	12	2840
56	13	3345
56	14	8745
56	15	9880
56	16	8885
56	17	695
56	18	4325
56	19	3370
57	0	8415
57	1	3590
57	2	3180
57	3	7370
57	4	8325
57	5	8130
57	6	8630
57	7	8595
57	8	7650
57	9	5950
57	10	4925
57	11	9760
57	12	5740
57	13	2735
57	14	6780
57	15	8375
57	16	7680
57	17	5225
57	18	6040
57	19	1425
58	0	5210
58	1	4805
58	2	9000
58	3	2360
58	4	9435
58	5	6700
58	6	5310
58	7	4235
58	8	8810
58	9	3130
58	10	630
58	11	6370
58	12	9550
58	13	545
58	14	1525
58	15	5990
58	16	8485
58	17	1835
58	18	445
58	19	4295
59	0	4975
59	1	720
59	2	1035
59	3	80
59	4	8670
59	5	8720
59	6	8820
59	7	2335
59	8	6785
59	9	3590
59	10	5630
59	11	1265
59	12	5475
59	13	965
59	14	6070
59	15	9800
59	16	980
59	17	5375
59	18	5615
59	19	2130
60	0	4770
60	1	9230
60	2	2780
60	3	9505
60	4	7705
60	5	960
60	6	2845
60	7	4320
60	8	6350
60	9	5280
60	10	8880
60	11	140
60	12	8755
60	13	8575
60	14	8475
60	15	5020
60	16	6100
60	17	7685
60	18	2175
60	19	780
61	0	325
61	1	5460
61	2	9925
61	3	9320
61	4	4010
61	5	7455
61	6	1005
61	7	1145
61	8	2415
61	9	4575
61	10	8280
61	11	2040
61	12	6330
61	13	4715
61	14	5150
61	15	8705
61	16	3475
61	17	7225
61	18	1670
61	19	3835
62	0	6650
62	1	8460
62	2	7720
62	3	8230
62	4	8310
62	5	8970
62	6	4205
62	7	6540
62	8	6120
62	9	8690
62	10	200
62	11	7295
62	12	6180
62	13	7580
62	14	8400
62	15	7810
62	16	4780
62	17	4935
62	18	9695
62	19	515
63	0	7610
63	1	4645
63	2	9845
63	3	3390
63	4	4560
63	5	9955
63	6	4520
63	7	9650
63	8	4420
63	9	360
63	10	9825
63	11	3635
63	12	4375
63	13	7380
63	14	6385
63	15	2495
63	16	2950
63	17	2565
63	18	355
63	19	9895
64	0	8760
64	1	3005
64	2	8795
64	3	6090
64	4	9325
64	5	7775
64	6	6660
64	7	1420
64	8	6120
64	9	1315
64	10	8520
64	11	6790
64	12	7720
64	13	4660
64	14	7605
64	15	2200
64	16	2740
64	17	8990
64	18	8740
64	19	8245
65	0	3295
65	1	7935
65	2	3870
65	3	8580
65	4	1320
65	5	1935
65	6	6500
65	7	2710
65	8	240
65	9	1845
65	10	4420
65	11	7165
65	12	9870
65	13	7210
65	14	8670
65	15	9605
65	16	565
65	17	2615
65	18	7615
65	19	1390
66	0	123
66	1	68
66	2	908
66	3	696
66	4	1599
66	5	55
66	6	47
66	7	364
66	8	1480
66	9	10
66	10	925
66	11	1211
66	12	746
66	13	176
66	14	260
66	15	1634
66	16	380
66	17	1076
66	18	783
66	19	1442
67	0	1663
67	1	933
67	2	1068
67	3	1498
67	4	1751
67	5	1440
67	6	972
67	7	1508
67	8	981
67	9	1800
67	10	1302
67	11	660
67	12	179
67	13	627
67	14	281
67	15	1187
67	16	1843
67	17	687
67	18	99
67	19	158
68	0	1278
68	1	345
68	2	334
68	3	1283
68	4	621
68	5	1471
68	6	359
68	7	950
68	8	767
68	9	73
68	10	1398
68	11	375
68	12	319
68	13	744
68	14	1776
68	15	1232
68	16	1300
68	17	799
68	18	1720
68	19	123
69	0	519
69	1	1953
69	2	1761
69	3	327
69	4	177
69	5	285
69	6	1739
69	7	1031
69	8	1190
69	9	1224
69	10	736
69	11	1992
69	12	734
69	13	429
69	14	526
69	15	731
69	16	1363
69	17	1532
69	18	1233
69	19	245
70	0	792
70	1	1712
70	2	613
70	3	28
70	4	1387
70	5	1682
70	6	331
70	7	994
70	8	1205
70	9	907
70	10	442
70	11	104
70	12	545
70	13	315
70	14	1989
70	15	1162
70	16	1235
70	17	1074
70	18	370
70	19	348
71	0	1687
71	1	562
71	2	1600
71	3	1807
71	4	1474
71	5	1053
71	6	1772
71	7	1
71	8	837
71	9	675
71	10	1753
71	11	696
71	12	1008
71	13	1166
71	14	1281
71	15	1443
71	16	412
71	17	363
71	18	295
71	19	598
72	0	1488
72	1	686
72	2	1475
72	3	240
72	4	1563
72	5	1635
72	6	691
72	7	1885
72	8	1931
72	9	192
72	10	263
72	11	1377
72	12	214
72	13	1272
72	14	1435
72	15	27
72	16	449
72	17	930
72	18	1933
72	19	1234
73	0	1902
73	1	760
73	2	1215
73	3	1406
73	4	1360
73	5	914
73	6	164
73	7	554
73	8	327
73	9	593
73	10	1281
73	11	1503
73	12	1644
73	13	1881
73	14	142
73	15	841
73	16	8
73	17	581
73	18	1512
73	19	465
74	0	1032
74	1	1812
74	2	1328
74	3	1725
74	4	1717
74	5	1041
74	6	1388
74	7	104
74	8	1909
74	9	596
74	10	226
74	11	1707
74	12	1802
74	13	1364
74	14	1885
74	15	1757
74	16	70
74	17	353
74	18	1621
74	19	1915
75	0	465
75	1	768
75	2	441
75	3	1589
75	4	213
75	5	228
75	6	1757
75	7	1322
75	8	1496
75	9	826
75	10	196
75	11	849
75	12	356
75	13	570
75	14	1704
75	15	900
75	16	829
75	17	1617
75	18	662
75	19	669
76	0	1305
76	1	1034
76	2	329
76	3	1077
76	4	1525
76	5	1361
76	6	25
76	7	185
76	8	1714
76	9	245
76	10	163
76	11	165
76	12	546
76	13	1859
76	14	1882
76	15	465
76	16	1095
76	17	1864
76	18	838
76	19	1789
77	0	1122
77	1	1072
77	2	1583
77	3	822
77	4	657
77	5	1596
77	6	1945
77	7	461
77	8	236
77	9	1437
77	10	832
77	11	1987
77	12	1255
77	13	749
77	14	1562
77	15	475
77	16	1461
77	17	886
77	18	613
77	19	1364
78	0	589
78	1	611
78	2	1540
78	3	163
78	4	120
78	5	123
78	6	364
78	7	1863
78	8	424
78	9	1411
78	10	219
78	11	498
78	12	1187
78	13	438
78	14	1564
78	15	1318
78	16	1019
78	17	19
78	18	1782
78	19	645
79	0	1844
79	1	1158
79	2	128
79	3	1109
79	4	243
79	5	586
79	6	1113
79	7	1181
79	8	1176
79	9	1313
79	10	1188
79	11	522
79	12	1372
79	13	1971
79	14	1094
79	15	1490
79	16	1128
79	17	521
79	18	156
79	19	652
80	0	104
80	1	1549
80	2	578
80	3	1026
80	4	1373
80	5	941
80	6	1529
80	7	419
80	8	1919
80	9	635
80	10	1361
80	11	1239
80	12	445
80	13	941
80	14	871
80	15	690
80	16	1123
80	17	1196
80	18	237
80	19	368
81	0	976
81	1	1694
81	2	664
81	3	379
81	4	445
81	5	361
81	6	338
81	7	737
81	8	1375
81	9	1466
81	10	878
81	11	796
81	12	877
81	13	1271
81	14	47
81	15	5
81	16	559
81	17	1462
81	18	1711
81	19	320
82	0	1849
82	1	1393
82	2	1760
82	3	868
82	4	1879
82	5	807
82	6	165
82	7	215
82	8	1383
82	9	462
82	10	1273
82	11	538
82	12	331
82	13	2
82	14	1818
82	15	1677
82	16	206
82	17	563
82	18	232
82	19	1124
83	0	1054
83	1	6
83	2	61
83	3	1333
83	4	1654
83	5	1185
83	6	1772
83	7	1533
83	8	643
83	9	331
83	10	1099
83	11	843
83	12	1880
83	13	1045
83	14	570
83	15	1326
83	16	792
83	17	1643
83	18	1974
83	19	1971
84	0	143
84	1	1324
84	2	1319
84	3	1438
84	4	1215
84	5	1561
84	6	221
84	7	1815
84	8	75
84	9	1617
84	10	1891
84	11	1950
84	12	787
84	13	1416
84	14	350
84	15	261
84	16	1548
84	17	990
84	18	1556
84	19	1169
85	0	1808
85	1	1000
85	2	800
85	3	1885
85	4	781
85	5	1820
85	6	1762
85	7	997
85	8	1978
85	9	508
85	10	460
85	11	1775
85	12	133
85	13	1178
85	14	70
85	15	631
85	16	1582
85	17	574
85	18	604
85	19	1326
86	0	871
86	1	129
86	2	915
86	3	904
86	4	1397
86	5	1340
86	6	911
86	7	626
86	8	294
86	9	1066
86	10	231
86	11	1882
86	12	1507
86	13	1354
86	14	259
86	15	845
86	16	1082
86	17	278
86	18	225
86	19	77
87	0	9555
87	1	7950
87	2	5940
87	3	8500
87	4	4890
87	5	7040
87	6	6405
87	7	7190
87	8	7765
87	9	5640
87	10	560
87	11	5325
87	12	6040
87	13	7495
87	14	265
87	15	5030
87	16	4280
87	17	4280
87	18	9800
87	19	9765
88	0	4800
88	1	1455
88	2	1590
88	3	1120
88	4	3210
88	5	3745
88	6	1280
88	7	4115
88	8	9990
88	9	9940
88	10	9500
88	11	7065
88	12	5470
88	13	3195
88	14	7415
88	15	9850
88	16	5860
88	17	7230
88	18	2935
88	19	1380
89	0	1415
89	1	9240
89	2	2140
89	3	2250
89	4	4165
89	5	9805
89	6	420
89	7	8755
89	8	4925
89	9	9375
89	10	9545
89	11	5
89	12	8350
89	13	7955
89	14	4175
89	15	9340
89	16	5465
89	17	9005
89	18	9390
89	19	1430
90	0	3775
90	1	7325
90	2	9860
90	3	1205
90	4	7570
90	5	2300
90	6	6860
90	7	4810
90	8	7795
90	9	4490
90	10	2560
90	11	5645
90	12	8225
90	13	1480
90	14	2970
90	15	5890
90	16	9255
90	17	3250
90	18	5050
90	19	6510
91	0	8580
91	1	6705
91	2	8635
91	3	395
91	4	660
91	5	3675
91	6	975
91	7	4505
91	8	5350
91	9	9565
91	10	6625
91	11	8200
91	12	1510
91	13	3660
91	14	2650
91	15	350
91	16	1210
91	17	2075
91	18	9555
91	19	8750
92	0	1760
92	1	4435
92	2	1390
92	3	700
92	4	1110
92	5	6035
92	6	1500
92	7	5280
92	8	8100
92	9	4735
92	10	2205
92	11	2905
92	12	9720
92	13	5300
92	14	6425
92	15	1455
92	16	9165
92	17	985
92	18	8685
92	19	8185
93	0	5040
93	1	7510
93	2	6115
93	3	4170
93	4	5025
93	5	7495
93	6	7560
93	7	4525
93	8	1420
93	9	8080
93	10	4850
93	11	5285
93	12	6795
93	13	640
93	14	2615
93	15	5415
93	16	1715
93	17	6005
93	18	1020
93	19	9315
94	0	9390
94	1	4385
94	2	6360
94	3	8050
94	4	7575
94	5	9580
94	6	5110
94	7	4445
94	8	6800
94	9	2470
94	10	370
94	11	1535
94	12	9425
94	13	1670
94	14	3270
94	15	4455
94	16	2390
94	17	745
94	18	4765
94	19	7445
95	0	1157
95	1	1388
95	2	769
95	3	1014
95	4	1846
95	5	761
95	6	1301
95	7	1126
95	8	177
95	9	267
95	10	1818
95	11	707
95	12	1301
95	13	234
95	14	1017
95	15	1821
95	16	371
95	17	1188
95	18	1923
95	19	1585
96	0	436
96	1	703
96	2	1773
96	3	946
96	4	1176
96	5	787
96	6	77
96	7	560
96	8	458
96	9	1405
96	10	190
96	11	635
96	12	204
96	13	1913
96	14	508
96	15	1020
96	16	1620
96	17	872
96	18	318
96	19	358
97	0	126
97	1	836
97	2	1241
97	3	156
97	4	1392
97	5	1306
97	6	679
97	7	1464
97	8	1050
97	9	965
97	10	1607
97	11	424
97	12	997
97	13	75
97	14	1936
97	15	1064
97	16	1541
97	17	1219
97	18	1312
97	19	1742
98	0	1834
98	1	1212
98	2	1449
98	3	1705
98	4	1446
98	5	297
98	6	138
98	7	16
98	8	1377
98	9	556
98	10	1170
98	11	1349
98	12	467
98	13	582
98	14	530
98	15	858
98	16	306
98	17	349
98	18	1452
98	19	1401
99	0	906
99	1	1257
99	2	695
99	3	955
99	4	106
99	5	1716
99	6	1337
99	7	1917
99	8	1573
99	9	1593
99	10	1224
99	11	644
99	12	819
99	13	1942
99	14	383
99	15	911
99	16	807
99	17	1796
99	18	1037
99	19	1919
100	0	1015
100	1	478
100	2	1054
100	3	1059
100	4	262
100	5	1401
100	6	1116
100	7	703
100	8	1674
100	9	563
100	10	1411
100	11	332
100	12	628
100	13	724
100	14	867
100	15	237
100	16	769
100	17	1140
100	18	689
100	19	1142
101	0	1580
101	1	315
101	2	150
101	3	638
101	4	1774
101	5	762
101	6	1924
101	7	808
101	8	24
101	9	169
101	10	1634
101	11	553
101	12	86
101	13	1919
101	14	1644
101	15	1019
101	16	82
101	17	372
101	18	1331
101	19	913
102	0	14
102	1	825
102	2	1907
102	3	206
102	4	984
102	5	601
102	6	717
102	7	892
102	8	1862
102	9	1005
102	10	999
102	11	480
102	12	1994
102	13	478
102	14	1703
102	15	1602
102	16	1266
102	17	1578
102	18	375
102	19	1659
103	0	653
103	1	941
103	2	701
103	3	136
103	4	1426
103	5	1295
103	6	1332
103	7	447
103	8	928
103	9	1308
103	10	1147
103	11	982
103	12	716
103	13	1831
103	14	1980
103	15	1356
103	16	1305
103	17	572
103	18	319
103	19	228
104	0	550
104	1	1832
104	2	1894
104	3	1596
104	4	1026
104	5	1789
104	6	1529
104	7	1856
104	8	1729
104	9	631
104	10	459
104	11	1209
104	12	1813
104	13	1789
104	14	1586
104	15	1884
104	16	1950
104	17	1128
104	18	398
104	19	597
105	0	1128
105	1	1975
105	2	1098
105	3	144
105	4	1858
105	5	843
105	6	1230
105	7	1546
105	8	1323
105	9	327
105	10	1705
105	11	1658
105	12	1967
105	13	330
105	14	466
105	15	1581
105	16	213
105	17	1695
105	18	286
105	19	1202
106	0	111
106	1	1977
106	2	427
106	3	933
106	4	499
106	5	1900
106	6	402
106	7	171
106	8	1014
106	9	172
106	10	1009
106	11	240
106	12	66
106	13	1846
106	14	1671
106	15	300
106	16	1087
106	17	852
106	18	728
106	19	1319
107	0	1141
107	1	477
107	2	152
107	3	712
107	4	814
107	5	1506
107	6	1601
107	7	480
107	8	110
107	9	217
107	10	1312
107	11	1155
107	12	1003
107	13	801
107	14	833
107	15	1813
107	16	108
107	17	730
107	18	328
107	19	1809
108	0	1103
108	1	952
108	2	7
108	3	29
108	4	191
108	5	550
108	6	1566
108	7	1027
108	8	1594
108	9	1935
108	10	1152
108	11	1610
108	12	359
108	13	1066
108	14	332
108	15	1208
108	16	1497
108	17	1904
108	18	71
108	19	1967
109	0	739
109	1	123
109	2	627
109	3	1312
109	4	1369
109	5	296
109	6	1735
109	7	1449
109	8	242
109	9	1635
109	10	1685
109	11	1593
109	12	356
109	13	186
109	14	279
109	15	513
109	16	1402
109	17	1775
109	18	1675
109	19	1246
110	0	367
110	1	1192
110	2	1433
110	3	582
110	4	359
110	5	53
110	6	795
110	7	971
110	8	122
110	9	764
110	10	1896
110	11	420
110	12	1897
110	13	275
110	14	1267
110	15	217
110	16	537
110	17	1336
110	18	65
110	19	1810
111	0	1478
111	1	1124
111	2	1373
111	3	1330
111	4	1669
111	5	207
111	6	865
111	7	304
111	8	10
111	9	519
111	10	32
111	11	189
111	12	1712
111	13	1822
111	14	334
111	15	961
111	16	93
111	17	960
111	18	1392
111	19	1616
112	0	240
112	1	1741
112	2	42
112	3	311
112	4	726
112	5	1808
112	6	1797
112	7	284
112	8	649
112	9	708
112	10	1487
112	11	1201
112	12	1462
112	13	703
112	14	1198
112	15	1572
112	16	1392
112	17	1820
112	18	1944
112	19	1769
113	0	160
113	1	333
113	2	1637
113	3	1095
113	4	1889
113	5	1380
113	6	1859
113	7	1777
113	8	39
113	9	379
113	10	91
113	11	577
113	12	1793
113	13	292
113	14	1029
113	15	361
113	16	742
113	17	752
113	18	979
113	19	451
114	0	591
114	1	1811
114	2	1637
114	3	731
114	4	1325
114	5	1545
114	6	1425
114	7	189
114	8	1456
114	9	760
114	10	1121
114	11	1995
114	12	280
114	13	1682
114	14	1112
114	15	1922
114	16	229
114	17	376
114	18	852
114	19	879
115	0	1010
115	1	172
115	2	861
115	3	1026
115	4	1967
115	5	1791
115	6	18
115	7	456
115	8	1353
115	9	1555
115	10	1811
115	11	181
115	12	424
115	13	1297
115	14	351
115	15	1901
115	16	1975
115	17	1035
115	18	1355
115	19	201
116	0	1434
116	1	991
116	2	841
116	3	1343
116	4	919
116	5	1538
116	6	1262
116	7	1382
116	8	313
116	9	952
116	10	398
116	11	688
116	12	622
116	13	1941
116	14	621
116	15	1244
116	16	1971
116	17	152
116	18	287
116	19	1404
117	0	107
117	1	1702
117	2	1463
117	3	364
117	4	243
117	5	316
117	6	559
117	7	1253
117	8	1944
117	9	1686
117	10	518
117	11	1135
117	12	923
117	13	1107
117	14	1008
117	15	623
117	16	1436
117	17	287
117	18	1670
117	19	1010
118	0	413
118	1	804
118	2	1577
118	3	1267
118	4	1232
118	5	851
118	6	1432
118	7	384
118	8	1102
118	9	149
118	10	353
118	11	1810
118	12	1422
118	13	1081
118	14	1463
118	15	517
118	16	1531
118	17	874
118	18	805
118	19	1518
119	0	1465
119	1	624
119	2	602
119	3	148
119	4	874
119	5	1438
119	6	447
119	7	926
119	8	292
119	9	654
119	10	1376
119	11	1813
119	12	16
119	13	1402
119	14	1274
119	15	96
119	16	698
119	17	62
119	18	1337
119	19	1013
120	0	1797
120	1	1590
120	2	1640
120	3	1856
120	4	1328
120	5	1437
120	6	1121
120	7	63
120	8	1115
120	9	1803
120	10	778
120	11	1629
120	12	1602
120	13	1947
120	14	1535
120	15	1359
120	16	1175
120	17	1120
120	18	301
120	19	1232
121	0	580
121	1	89
121	2	1819
121	3	929
121	4	1274
121	5	671
121	6	1883
121	7	88
121	8	1707
121	9	1889
121	10	1557
121	11	185
121	12	593
121	13	1988
121	14	1984
121	15	993
121	16	511
121	17	1754
121	18	1426
121	19	1423
122	0	1701
122	1	1273
122	2	244
122	3	25
122	4	734
122	5	1059
122	6	1607
122	7	1361
122	8	975
122	9	575
122	10	752
122	11	1531
122	12	1529
122	13	798
122	14	1567
122	15	773
122	16	1313
122	17	1480
122	18	1731
122	19	1700
123	0	1364
123	1	1443
123	2	1304
123	3	111
123	4	511
123	5	644
123	6	541
123	7	450
123	8	839
123	9	1216
123	10	422
123	11	1708
123	12	1963
123	13	583
123	14	1788
123	15	1196
123	16	350
123	17	401
123	18	289
123	19	1366
124	0	953
124	1	548
124	2	464
124	3	1586
124	4	150
124	5	1127
124	6	1336
124	7	1304
124	8	1178
124	9	765
124	10	819
124	11	1629
124	12	1019
124	13	43
124	14	1390
124	15	1954
124	16	1027
124	17	294
124	18	539
124	19	1616
125	0	583
125	1	362
125	2	794
125	3	1213
125	4	61
125	5	750
125	6	1922
125	7	1333
125	8	704
125	9	739
125	10	1046
125	11	202
125	12	857
125	13	1671
125	14	85
125	15	323
125	16	1074
125	17	1273
125	18	110
125	19	1050
126	0	1585
126	1	1156
126	2	715
126	3	656
126	4	1534
126	5	498
126	6	210
126	7	622
126	8	996
126	9	1136
126	10	277
126	11	173
126	12	456
126	13	117
126	14	922
126	15	1829
126	16	8
126	17	443
126	18	1877
126	19	181
127	0	389
127	1	1425
127	2	839
127	3	372
127	4	1891
127	5	1691
127	6	1618
127	7	32
127	8	607
127	9	1221
127	10	1117
127	11	586
127	12	459
127	13	480
127	14	1561
127	15	214
127	16	1540
127	17	1820
127	18	91
127	19	1285
128	0	720
128	1	577
128	2	171
128	3	1297
128	4	545
128	5	1686
128	6	1012
128	7	1300
128	8	1107
128	9	170
128	10	604
128	11	1890
128	12	612
128	13	898
128	14	603
128	15	1249
128	16	1722
128	17	1632
128	18	1713
128	19	809
129	0	1571
129	1	1685
129	2	1867
129	3	1627
129	4	1956
129	5	1627
129	6	1386
129	7	1004
129	8	724
129	9	1478
129	10	748
129	11	787
129	12	1521
129	13	51
129	14	1526
129	15	1074
129	16	412
129	17	299
129	18	1014
129	19	1286
130	0	1180
130	1	974
130	2	1446
130	3	1020
130	4	753
130	5	1832
130	6	1968
130	7	1289
130	8	1469
130	9	1165
130	10	1863
130	11	1974
130	12	947
130	13	1694
130	14	695
130	15	1424
130	16	605
130	17	534
130	18	962
130	19	271
131	0	989
131	1	840
131	2	547
131	3	894
131	4	199
131	5	1835
131	6	854
131	7	792
131	8	343
131	9	716
131	10	162
131	11	1945
131	12	1988
131	13	1320
131	14	1197
131	15	1771
131	16	1641
131	17	735
131	18	491
131	19	80
132	0	745
132	1	1006
132	2	1436
132	3	91
132	4	962
132	5	605
132	6	427
132	7	1312
132	8	847
132	9	505
132	10	1336
132	11	1927
132	12	1864
132	13	1680
132	14	570
132	15	429
132	16	1884
132	17	351
132	18	1475
132	19	194
133	0	57
133	1	414
133	2	567
133	3	720
133	4	1654
133	5	404
133	6	541
133	7	1621
133	8	438
133	9	991
133	10	532
133	11	535
133	12	1847
133	13	1440
133	14	73
133	15	286
133	16	758
133	17	856
133	18	1472
133	19	1902
134	0	627
134	1	62
134	2	930
134	3	1400
134	4	1428
134	5	573
134	6	836
134	7	779
134	8	558
134	9	505
134	10	193
134	11	1897
134	12	1758
134	13	1070
134	14	720
134	15	966
134	16	1184
134	17	988
134	18	52
134	19	433
135	0	923
135	1	1667
135	2	938
135	3	163
135	4	968
135	5	984
135	6	822
135	7	417
135	8	613
135	9	1988
135	10	1324
135	11	554
135	12	1784
135	13	1769
135	14	1916
135	15	1774
135	16	1190
135	17	1297
135	18	609
135	19	764
136	0	1813
136	1	1374
136	2	165
136	3	751
136	4	668
136	5	438
136	6	541
136	7	1885
136	8	382
136	9	100
136	10	1742
136	11	1073
136	12	856
136	13	1252
136	14	1979
136	15	1788
136	16	789
136	17	593
136	18	1999
136	19	1464
137	0	471
137	1	1641
137	2	1559
137	3	550
137	4	88
137	5	1048
137	6	1416
137	7	348
137	8	1858
137	9	227
137	10	931
137	11	300
137	12	148
137	13	255
137	14	505
137	15	433
137	16	578
137	17	1076
137	18	262
137	19	154
138	0	1691
138	1	203
138	2	170
138	3	614
138	4	529
138	5	1410
138	6	1527
138	7	628
138	8	1774
138	9	1147
138	10	1789
138	11	1168
138	12	1485
138	13	748
138	14	126
138	15	362
138	16	1803
138	17	69
138	18	1953
138	19	1000
139	0	647
139	1	1683
139	2	83
139	3	54
139	4	142
139	5	1434
139	6	1973
139	7	224
139	8	1871
139	9	1622
139	10	358
139	11	1035
139	12	71
139	13	1026
139	14	1103
139	15	429
139	16	1117
139	17	935
139	18	1665
139	19	1553
140	0	386
140	1	1581
140	2	1012
140	3	1619
140	4	1552
140	5	1605
140	6	719
140	7	1791
140	8	625
140	9	664
140	10	1844
140	11	1920
140	12	1609
140	13	1242
140	14	630
140	15	273
140	16	304
140	17	405
140	18	409
140	19	702
141	0	1159
141	1	437
141	2	1192
141	3	1356
141	4	136
141	5	790
141	6	1257
141	7	881
141	8	366
141	9	1728
141	10	1686
141	11	1539
141	12	536
141	13	391
141	14	1589
141	15	712
141	16	1308
141	17	1414
141	18	311
141	19	1195
142	0	1760
142	1	1396
142	2	234
142	3	460
142	4	1691
142	5	817
142	6	114
142	7	1876
142	8	1554
142	9	643
142	10	1018
142	11	1871
142	12	1504
142	13	488
142	14	605
142	15	241
142	16	894
142	17	1199
142	18	1695
142	19	1349
143	0	1103
143	1	713
143	2	1547
143	3	1124
143	4	369
143	5	1061
143	6	821
143	7	1317
143	8	829
143	9	63
143	10	936
143	11	931
143	12	1760
143	13	1518
143	14	1514
143	15	1537
143	16	1713
143	17	1930
143	18	1482
143	19	1777
144	0	395
144	1	969
144	2	1215
144	3	270
144	4	1164
144	5	1613
144	6	440
144	7	1342
144	8	1021
144	9	699
144	10	678
144	11	424
144	12	306
144	13	1646
144	14	899
144	15	1279
144	16	1390
144	17	875
144	18	1631
144	19	1905
145	0	899
145	1	1097
145	2	1527
145	3	363
145	4	1154
145	5	1851
145	6	948
145	7	191
145	8	14
145	9	982
145	10	997
145	11	575
145	12	1874
145	13	1176
145	14	755
145	15	1200
145	16	1995
145	17	1493
145	18	507
145	19	874
146	0	1996
146	1	1814
146	2	523
146	3	1625
146	4	1696
146	5	236
146	6	1256
146	7	1354
146	8	33
146	9	1333
146	10	1305
146	11	848
146	12	1309
146	13	1884
146	14	600
146	15	523
146	16	96
146	17	1062
146	18	1673
146	19	1846
147	0	22
147	1	1161
147	2	1705
147	3	554
147	4	1235
147	5	635
147	6	1774
147	7	410
147	8	1594
147	9	296
147	10	1038
147	11	1099
147	12	797
147	13	253
147	14	656
147	15	813
147	16	1611
147	17	1344
147	18	1358
147	19	898
148	0	1730
148	1	4365
148	2	9525
148	3	2005
148	4	1645
148	5	1415
148	6	1010
148	7	9640
148	8	9335
148	9	1110
148	10	9020
148	11	2775
148	12	7880
148	13	5705
148	14	745
148	15	7615
148	16	4265
148	17	4865
148	18	2105
148	19	5765
149	0	8545
149	1	440
149	2	195
149	3	3970
149	4	4680
149	5	9275
149	6	9890
149	7	4920
149	8	4910
149	9	9855
149	10	4855
149	11	2660
149	12	4795
149	13	5165
149	14	6695
149	15	8430
149	16	1240
149	17	3255
149	18	4515
149	19	3770
150	0	4355
150	1	6080
150	2	8910
150	3	8565
150	4	1500
150	5	8390
150	6	5705
150	7	5720
150	8	1380
150	9	1605
150	10	9830
150	11	6780
150	12	9230
150	13	1450
150	14	1405
150	15	8720
150	16	380
150	17	8195
150	18	3960
150	19	8720
151	0	5235
151	1	80
151	2	1100
151	3	4190
151	4	680
151	5	8760
151	6	7960
151	7	1665
151	8	920
151	9	5965
151	10	3860
151	11	8845
151	12	1390
151	13	8080
151	14	725
151	15	2505
151	16	4565
151	17	6275
151	18	560
151	19	2445
152	0	9050
152	1	4325
152	2	20
152	3	3875
152	4	8730
152	5	2535
152	6	145
152	7	7080
152	8	6225
152	9	2645
152	10	4985
152	11	6845
152	12	6165
152	13	6050
152	14	1270
152	15	3755
152	16	4095
152	17	115
152	18	9465
152	19	8020
153	0	7760
153	1	5995
153	2	3470
153	3	910
153	4	6010
153	5	1205
153	6	6495
153	7	7750
153	8	5245
153	9	8790
153	10	9585
153	11	4715
153	12	3210
153	13	8460
153	14	9005
153	15	4115
153	16	7080
153	17	1715
153	18	9150
153	19	3425
154	0	7965
154	1	3325
154	2	1260
154	3	3785
154	4	5925
154	5	7340
154	6	1295
154	7	5210
154	8	3480
154	9	2385
154	10	7635
154	11	1400
154	12	2365
154	13	7065
154	14	1930
154	15	4515
154	16	1950
154	17	6640
154	18	8320
154	19	5330
155	0	6680
155	1	6310
155	2	2910
155	3	1900
155	4	1980
155	5	7650
155	6	1470
155	7	7645
155	8	7770
155	9	5595
155	10	8860
155	11	6815
155	12	1125
155	13	8365
155	14	6340
155	15	5885
155	16	3005
155	17	975
155	18	5
155	19	6985
156	0	4580
156	1	8540
156	2	3275
156	3	6875
156	4	4905
156	5	5775
156	6	9100
156	7	60
156	8	2165
156	9	5785
156	10	3390
156	11	9040
156	12	3440
156	13	7155
156	14	4545
156	15	7175
156	16	6030
156	17	5750
156	18	945
156	19	3325
157	0	7050
157	1	5200
157	2	8340
157	3	5215
157	4	3970
157	5	4065
157	6	275
157	7	9255
157	8	7110
157	9	1155
157	10	1995
157	11	3860
157	12	6890
157	13	9980
157	14	185
157	15	5295
157	16	365
157	17	5485
157	18	7565
157	19	685
158	0	9415
158	1	2995
158	2	5715
158	3	1895
158	4	185
158	5	4715
158	6	8190
158	7	740
158	8	9620
158	9	8535
158	10	60
158	11	9285
158	12	1180
158	13	6240
158	14	3355
158	15	9685
158	16	1140
158	17	9735
158	18	5220
158	19	5220
159	0	9610
159	1	3405
159	2	6990
159	3	2115
159	4	3005
159	5	8545
159	6	5985
159	7	5495
159	8	3185
159	9	2065
159	10	7275
159	11	4755
159	12	7575
159	13	8845
159	14	1395
159	15	2045
159	16	7085
159	17	2295
159	18	30
159	19	930
160	0	6815
160	1	2500
160	2	9415
160	3	7510
160	4	9845
160	5	1965
160	6	5485
160	7	8245
160	8	2185
160	9	8360
160	10	2575
160	11	755
160	12	4735
160	13	3060
160	14	6240
160	15	300
160	16	3285
160	17	9530
160	18	295
160	19	5695
161	0	4780
161	1	6360
161	2	1435
161	3	4260
161	4	5440
161	5	1670
161	6	565
161	7	8660
161	8	415
161	9	6430
161	10	5450
161	11	7220
161	12	4640
161	13	2715
161	14	3405
161	15	4380
161	16	925
161	17	6065
161	18	1760
161	19	2065
162	0	5205
162	1	1915
162	2	30
162	3	4375
162	4	4650
162	5	7980
162	6	6405
162	7	3735
162	8	4625
162	9	65
162	10	3775
162	11	1150
162	12	3395
162	13	1560
162	14	8670
162	15	3815
162	16	755
162	17	5525
162	18	3090
162	19	7085
163	0	3505
163	1	500
163	2	9740
163	3	5850
163	4	3425
163	5	1900
163	6	640
163	7	115
163	8	3785
163	9	3500
163	10	6975
163	11	4745
163	12	4790
163	13	5790
163	14	4465
163	15	7955
163	16	6230
163	17	9150
163	18	7470
163	19	9285
164	0	9105
164	1	7655
164	2	9075
164	3	9880
164	4	1220
164	5	5135
164	6	8180
164	7	3080
164	8	8360
164	9	790
164	10	5175
164	11	5150
164	12	4385
164	13	7530
164	14	3620
164	15	7205
164	16	3710
164	17	510
164	18	7485
164	19	4005
165	0	9135
165	1	7770
165	2	4280
165	3	8355
165	4	8570
165	5	4150
165	6	830
165	7	1165
165	8	5720
165	9	5235
165	10	1605
165	11	2470
165	12	3150
165	13	2490
165	14	8120
165	15	4285
165	16	3575
165	17	6670
165	18	9655
165	19	375
166	0	2050
166	1	1770
166	2	9605
166	3	6355
166	4	2600
166	5	6375
166	6	145
166	7	7700
166	8	5660
166	9	1725
166	10	2030
166	11	6325
166	12	1865
166	13	30
166	14	1790
166	15	8635
166	16	1090
166	17	1685
166	18	7935
166	19	460
167	0	4000
167	1	2515
167	2	6220
167	3	1605
167	4	8065
167	5	4735
167	6	7480
167	7	7015
167	8	5890
167	9	7295
167	10	9560
167	11	9780
167	12	2800
167	13	8075
167	14	5150
167	15	3715
167	16	8295
167	17	4610
167	18	7500
167	19	5660
168	0	7200
168	1	960
168	2	2550
168	3	2490
168	4	535
168	5	5615
168	6	1630
168	7	8805
168	8	5550
168	9	5035
168	10	7670
168	11	9610
168	12	1475
168	13	720
168	14	8050
168	15	2685
168	16	6255
168	17	5065
168	18	900
168	19	915
169	0	7770
169	1	3325
169	2	3440
169	3	7440
169	4	265
169	5	2300
169	6	1020
169	7	9545
169	8	8060
169	9	275
169	10	5560
169	11	1840
169	12	8820
169	13	7665
169	14	1380
169	15	135
169	16	4040
169	17	1230
169	18	9505
169	19	6380
170	0	695
170	1	3615
170	2	6000
170	3	3995
170	4	3615
170	5	1525
170	6	5815
170	7	4570
170	8	1630
170	9	8960
170	10	5895
170	11	440
170	12	9170
170	13	2080
170	14	6910
170	15	8885
170	16	9375
170	17	55
170	18	540
170	19	6195
171	0	1969
171	1	441
171	2	896
171	3	676
171	4	1551
171	5	335
171	6	626
171	7	1450
171	8	1237
171	9	1
171	10	1981
171	11	822
171	12	1801
171	13	896
171	14	624
171	15	1776
171	16	1524
171	17	482
171	18	1080
171	19	1541
172	0	1334
172	1	334
172	2	643
172	3	1880
172	4	256
172	5	1852
172	6	1048
172	7	1692
172	8	1631
172	9	624
172	10	613
172	11	648
172	12	696
172	13	134
172	14	1861
172	15	1330
172	16	204
172	17	62
172	18	312
172	19	401
173	0	600
173	1	701
173	2	1863
173	3	685
173	4	1002
173	5	134
173	6	129
173	7	1754
173	8	602
173	9	687
173	10	1660
173	11	63
173	12	2
173	13	1781
173	14	1316
173	15	1844
173	16	1527
173	17	1148
173	18	1260
173	19	775
174	0	1116
174	1	1949
174	2	1725
174	3	340
174	4	1545
174	5	489
174	6	352
174	7	1493
174	8	1864
174	9	1156
174	10	1984
174	11	1625
174	12	1772
174	13	1078
174	14	1519
174	15	291
174	16	1971
174	17	1937
174	18	18
174	19	1188
175	0	24
175	1	650
175	2	1734
175	3	197
175	4	45
175	5	748
175	6	109
175	7	1985
175	8	1063
175	9	1915
175	10	549
175	11	950
175	12	459
175	13	1279
175	14	1371
175	15	1397
175	16	1971
175	17	154
175	18	881
175	19	663
176	0	1531
176	1	1287
176	2	1458
176	3	1912
176	4	180
176	5	690
176	6	1339
176	7	255
176	8	1962
176	9	1026
176	10	1847
176	11	450
176	12	1137
176	13	488
176	14	1289
176	15	1613
176	16	599
176	17	518
176	18	17
176	19	1878
177	0	1009
177	1	869
177	2	89
177	3	1131
177	4	703
177	5	1524
177	6	1212
177	7	1258
177	8	979
177	9	1559
177	10	777
177	11	1832
177	12	1145
177	13	1833
177	14	664
177	15	1574
177	16	1544
177	17	1265
177	18	664
177	19	791
178	0	1946
178	1	313
178	2	247
178	3	1294
178	4	1562
178	5	1838
178	6	1054
178	7	371
178	8	1747
178	9	1379
178	10	1021
178	11	879
178	12	20
178	13	1286
178	14	244
178	15	1338
178	16	1708
178	17	1508
178	18	1602
178	19	535
179	0	358
179	1	1880
179	2	947
179	3	1810
179	4	524
179	5	1428
179	6	1461
179	7	1669
179	8	692
179	9	412
179	10	888
179	11	1142
179	12	1848
179	13	1441
179	14	1401
179	15	408
179	16	1267
179	17	1321
179	18	334
179	19	298
180	0	1228
180	1	732
180	2	1818
180	3	1248
180	4	1990
180	5	1488
180	6	1305
180	7	1365
180	8	1990
180	9	187
180	10	920
180	11	317
180	12	1164
180	13	1964
180	14	984
180	15	1649
180	16	972
180	17	374
180	18	478
180	19	821
181	0	41
181	1	206
181	2	346
181	3	615
181	4	966
181	5	1618
181	6	1257
181	7	851
181	8	1821
181	9	1532
181	10	1975
181	11	510
181	12	1023
181	13	73
181	14	1891
181	15	940
181	16	1790
181	17	100
181	18	4
181	19	144
182	0	557
182	1	102
182	2	247
182	3	165
182	4	1056
182	5	662
182	6	705
182	7	1659
182	8	431
182	9	1036
182	10	127
182	11	1855
182	12	1836
182	13	828
182	14	1665
182	15	712
182	16	1419
182	17	950
182	18	1083
182	19	1832
183	0	836
183	1	1004
183	2	1652
183	3	1416
183	4	75
183	5	305
183	6	591
183	7	420
183	8	1024
183	9	1122
183	10	1393
183	11	276
183	12	1221
183	13	515
183	14	1178
183	15	1180
183	16	1974
183	17	872
183	18	1602
183	19	93
184	0	167
184	1	1085
184	2	410
184	3	208
184	4	1216
184	5	772
184	6	1636
184	7	1715
184	8	1308
184	9	327
184	10	1257
184	11	1733
184	12	276
184	13	612
184	14	1350
184	15	1944
184	16	434
184	17	625
184	18	355
184	19	954
185	0	1173
185	1	652
185	2	1056
185	3	1120
185	4	1856
185	5	1439
185	6	1668
185	7	932
185	8	1556
185	9	542
185	10	718
185	11	1844
185	12	1641
185	13	631
185	14	20
185	15	560
185	16	844
185	17	686
185	18	1039
185	19	961
186	0	377
186	1	534
186	2	690
186	3	365
186	4	359
186	5	1511
186	6	1391
186	7	148
186	8	1255
186	9	182
186	10	737
186	11	94
186	12	1669
186	13	1169
186	14	502
186	15	939
186	16	623
186	17	1190
186	18	1218
186	19	623
187	0	632
187	1	1277
187	2	1946
187	3	198
187	4	483
187	5	1767
187	6	232
187	7	222
187	8	357
187	9	616
187	10	1044
187	11	673
187	12	74
187	13	1690
187	14	329
187	15	1103
187	16	156
187	17	1798
187	18	331
187	19	1582
188	0	614
188	1	869
188	2	437
188	3	325
188	4	1586
188	5	491
188	6	334
188	7	1670
188	8	1973
188	9	40
188	10	1786
188	11	718
188	12	776
188	13	1598
188	14	1213
188	15	546
188	16	1648
188	17	1665
188	18	894
188	19	769
189	0	592
189	1	948
189	2	1597
189	3	810
189	4	1519
189	5	1125
189	6	1930
189	7	510
189	8	1271
189	9	1466
189	10	874
189	11	1571
189	12	1291
189	13	1154
189	14	1294
189	15	901
189	16	1734
189	17	326
189	18	765
189	19	1217
190	0	863
190	1	944
190	2	1947
190	3	1012
190	4	1507
190	5	777
190	6	1501
190	7	145
190	8	692
190	9	1793
190	10	648
190	11	77
190	12	165
190	13	1646
190	14	138
190	15	408
190	16	1857
190	17	1690
190	18	746
190	19	584
191	0	1451
191	1	1744
191	2	184
191	3	863
191	4	914
191	5	1684
191	6	1831
191	7	293
191	8	1153
191	9	840
191	10	1359
191	11	1321
191	12	1918
191	13	1291
191	14	160
191	15	638
191	16	1108
191	17	702
191	18	865
191	19	490
192	0	1156
192	1	400
192	2	1663
192	3	1111
192	4	1308
192	5	1807
192	6	1459
192	7	1696
192	8	746
192	9	1736
192	10	616
192	11	716
192	12	197
192	13	1942
192	14	447
192	15	1846
192	16	438
192	17	551
192	18	656
192	19	455
193	0	1220
193	1	1170
193	2	1985
193	3	1928
193	4	174
193	5	943
193	6	1932
193	7	775
193	8	479
193	9	1726
193	10	168
193	11	641
193	12	903
193	13	688
193	14	108
193	15	422
193	16	227
193	17	830
193	18	766
193	19	1590
194	0	380
194	1	1938
194	2	1837
194	3	1926
194	4	1901
194	5	1780
194	6	952
194	7	430
194	8	1769
194	9	1179
194	10	618
194	11	1588
194	12	1521
194	13	1932
194	14	848
194	15	652
194	16	1338
194	17	1432
194	18	440
194	19	948
195	0	892
195	1	39
195	2	1543
195	3	1276
195	4	1613
195	5	1259
195	6	1897
195	7	518
195	8	1190
195	9	43
195	10	1406
195	11	1559
195	12	1992
195	13	1893
195	14	573
195	15	1523
195	16	1139
195	17	1364
195	18	738
195	19	36
196	0	238
196	1	1513
196	2	1262
196	3	1005
196	4	705
196	5	1686
196	6	458
196	7	1086
196	8	1727
196	9	1176
196	10	1090
196	11	1532
196	12	1294
196	13	762
196	14	1174
196	15	892
196	16	568
196	17	383
196	18	1386
196	19	1696
197	0	1817
197	1	1526
197	2	906
197	3	474
197	4	794
197	5	421
197	6	1764
197	7	945
197	8	549
197	9	1567
197	10	99
197	11	906
197	12	1978
197	13	1781
197	14	413
197	15	792
197	16	860
197	17	876
197	18	498
197	19	256
198	0	727
198	1	173
198	2	1397
198	3	729
198	4	266
198	5	932
198	6	1720
198	7	1973
198	8	794
198	9	1912
198	10	979
198	11	1887
198	12	125
198	13	274
198	14	228
198	15	448
198	16	838
198	17	621
198	18	1176
198	19	1685
199	0	251
199	1	1667
199	2	174
199	3	427
199	4	1352
199	5	1609
199	6	609
199	7	1071
199	8	1804
199	9	809
199	10	768
199	11	16
199	12	1440
199	13	1992
199	14	1614
199	15	168
199	16	833
199	17	1218
199	18	416
199	19	1156
200	0	196
200	1	206
200	2	1505
200	3	1708
200	4	807
200	5	1038
200	6	448
200	7	1398
200	8	1442
200	9	1114
200	10	942
200	11	1181
200	12	983
200	13	1039
200	14	1719
200	15	1558
200	16	943
200	17	1204
200	18	385
200	19	256
201	0	1006
201	1	619
201	2	34
201	3	256
201	4	872
201	5	548
201	6	1412
201	7	1374
201	8	1559
201	9	1246
201	10	47
201	11	1730
201	12	1485
201	13	1210
201	14	1630
201	15	1160
201	16	576
201	17	264
201	18	443
201	19	787
202	0	533
202	1	36
202	2	1884
202	3	371
202	4	259
202	5	1998
202	6	1291
202	7	1038
202	8	325
202	9	1982
202	10	1326
202	11	289
202	12	396
202	13	541
202	14	767
202	15	701
202	16	187
202	17	1028
202	18	294
202	19	1089
203	0	1257
203	1	259
203	2	988
203	3	1287
203	4	1013
203	5	1195
203	6	1847
203	7	1980
203	8	1199
203	9	1984
203	10	1624
203	11	736
203	12	1539
203	13	1851
203	14	226
203	15	193
203	16	1992
203	17	659
203	18	1136
203	19	1729
204	0	187
204	1	13
204	2	1749
204	3	1846
204	4	165
204	5	1851
204	6	1753
204	7	553
204	8	730
204	9	787
204	10	381
204	11	148
204	12	183
204	13	1358
204	14	1154
204	15	1780
204	16	1676
204	17	1720
204	18	1764
204	19	506
205	0	1231
205	1	138
205	2	1344
205	3	1839
205	4	1070
205	5	1251
205	6	1086
205	7	1656
205	8	156
205	9	563
205	10	914
205	11	781
205	12	1244
205	13	881
205	14	1831
205	15	1450
205	16	588
205	17	320
205	18	1887
205	19	1929
206	0	1982
206	1	1316
206	2	1026
206	3	1563
206	4	1537
206	5	237
206	6	917
206	7	416
206	8	1593
206	9	808
206	10	345
206	11	580
206	12	1658
206	13	924
206	14	1156
206	15	835
206	16	977
206	17	60
206	18	1448
206	19	181
207	0	260
207	1	923
207	2	1507
207	3	1002
207	4	963
207	5	1752
207	6	1177
207	7	1535
207	8	656
207	9	1351
207	10	744
207	11	352
207	12	359
207	13	810
207	14	656
207	15	467
207	16	473
207	17	432
207	18	1902
207	19	918
208	0	346
208	1	846
208	2	1590
208	3	622
208	4	1798
208	5	1877
208	6	1705
208	7	529
208	8	1343
208	9	882
208	10	3
208	11	1475
208	12	1341
208	13	1297
208	14	1745
208	15	1331
208	16	1039
208	17	1350
208	18	1875
208	19	690
209	0	1561
209	1	849
209	2	389
209	3	1133
209	4	354
209	5	1482
209	6	331
209	7	244
209	8	1515
209	9	874
209	10	1090
209	11	943
209	12	915
209	13	1322
209	14	824
209	15	839
209	16	1134
209	17	125
209	18	403
209	19	525
210	0	402
210	1	28
210	2	254
210	3	1815
210	4	1901
210	5	241
210	6	294
210	7	1246
210	8	999
210	9	361
210	10	1486
210	11	1750
210	12	544
210	13	1323
210	14	622
210	15	59
210	16	25
210	17	587
210	18	1022
210	19	38
211	0	449
211	1	451
211	2	118
211	3	580
211	4	1273
211	5	145
211	6	91
211	7	345
211	8	573
211	9	1755
211	10	1634
211	11	196
211	12	1613
211	13	778
211	14	1487
211	15	1973
211	16	1652
211	17	669
211	18	594
211	19	1401
212	0	1276
212	1	1077
212	2	1449
212	3	1564
212	4	1218
212	5	1564
212	6	534
212	7	1220
212	8	1221
212	9	1410
212	10	605
212	11	1415
212	12	667
212	13	779
212	14	1353
212	15	1203
212	16	1013
212	17	632
212	18	147
212	19	1528
213	0	729
213	1	929
213	2	1469
213	3	640
213	4	1309
213	5	1232
213	6	457
213	7	1060
213	8	1323
213	9	518
213	10	1894
213	11	168
213	12	1607
213	13	1182
213	14	674
213	15	1976
213	16	1318
213	17	1419
213	18	287
213	19	117
214	0	1951
214	1	850
214	2	1322
214	3	1183
214	4	101
214	5	1874
214	6	183
214	7	1009
214	8	1130
214	9	1775
214	10	83
214	11	1952
214	12	728
214	13	886
214	14	115
214	15	1596
214	16	256
214	17	1416
214	18	1171
214	19	774
215	0	915
215	1	1597
215	2	1923
215	3	221
215	4	942
215	5	1613
215	6	457
215	7	869
215	8	768
215	9	1915
215	10	1598
215	11	1069
215	12	1259
215	13	219
215	14	1010
215	15	800
215	16	4
215	17	1344
215	18	1942
215	19	489
216	0	252
216	1	1814
216	2	1889
216	3	1133
216	4	1566
216	5	1414
216	6	1201
216	7	1448
216	8	1501
216	9	764
216	10	556
216	11	1612
216	12	1211
216	13	864
216	14	1328
216	15	1558
216	16	473
216	17	1513
216	18	1131
216	19	1070
217	0	594
217	1	291
217	2	1281
217	3	1322
217	4	1873
217	5	1875
217	6	1375
217	7	150
217	8	1219
217	9	1542
217	10	1857
217	11	653
217	12	1649
217	13	1929
217	14	683
217	15	1430
217	16	1774
217	17	1622
217	18	1488
217	19	1070
218	0	1609
218	1	122
218	2	198
218	3	139
218	4	1432
218	5	1029
218	6	509
218	7	1098
218	8	1834
218	9	1368
218	10	687
218	11	908
218	12	1149
218	13	1757
218	14	1244
218	15	838
218	16	151
218	17	394
218	18	1100
218	19	1696
219	0	48
219	1	645
219	2	47
219	3	1490
219	4	903
219	5	1486
219	6	403
219	7	414
219	8	1311
219	9	1798
219	10	1619
219	11	1583
219	12	866
219	13	1410
219	14	737
219	15	1103
219	16	1520
219	17	947
219	18	773
219	19	710
220	0	107
220	1	177
220	2	125
220	3	1225
220	4	22
220	5	1070
220	6	1762
220	7	1216
220	8	314
220	9	1373
220	10	856
220	11	1591
220	12	866
220	13	845
220	14	1451
220	15	1975
220	16	1719
220	17	111
220	18	517
220	19	506
221	0	1638
221	1	613
221	2	642
221	3	765
221	4	1181
221	5	556
221	6	1092
221	7	1756
221	8	593
221	9	63
221	10	475
221	11	1746
221	12	1106
221	13	1327
221	14	499
221	15	1765
221	16	403
221	17	1286
221	18	280
221	19	1984
222	0	153
222	1	1917
222	2	1763
222	3	960
222	4	738
222	5	1468
222	6	1267
222	7	191
222	8	896
222	9	649
222	10	1223
222	11	1464
222	12	1054
222	13	894
222	14	1250
222	15	98
222	16	280
222	17	297
222	18	1187
222	19	1522
223	0	1215
223	1	1986
223	2	1693
223	3	1754
223	4	1804
223	5	431
223	6	810
223	7	1911
223	8	1548
223	9	659
223	10	746
223	11	503
223	12	757
223	13	1897
223	14	710
223	15	106
223	16	1622
223	17	834
223	18	825
223	19	1439
224	0	1638
224	1	1978
224	2	1697
224	3	153
224	4	1575
224	5	497
224	6	966
224	7	1571
224	8	714
224	9	1704
224	10	938
224	11	1428
224	12	1542
224	13	824
224	14	1075
224	15	1109
224	16	1961
224	17	1565
224	18	1374
224	19	1788
225	0	692
225	1	727
225	2	1414
225	3	1491
225	4	1367
225	5	214
225	6	1283
225	7	1530
225	8	558
225	9	1668
225	10	942
225	11	38
225	12	1995
225	13	183
225	14	1044
225	15	28
225	16	1973
225	17	948
225	18	349
225	19	1451
226	0	3360
226	1	10000
226	2	8810
226	3	4620
226	4	7455
226	5	1435
226	6	9125
226	7	4115
226	8	9815
226	9	6190
226	10	5405
226	11	1945
226	12	6155
226	13	3835
226	14	895
226	15	8720
226	16	210
226	17	3715
226	18	7840
226	19	8030
227	0	3040
227	1	5535
227	2	7080
227	3	8755
227	4	3740
227	5	4415
227	6	3935
227	7	4275
227	8	9700
227	9	2605
227	10	5995
227	11	6775
227	12	915
227	13	8405
227	14	1770
227	15	9740
227	16	9375
227	17	1380
227	18	900
227	19	6760
228	0	330
228	1	6720
228	2	3125
228	3	6540
228	4	6165
228	5	9965
228	6	9735
228	7	595
228	8	9990
228	9	1135
228	10	9895
228	11	4660
228	12	1265
228	13	2400
228	14	3845
228	15	8590
228	16	6935
228	17	7130
228	18	6950
228	19	5375
229	0	4600
229	1	6045
229	2	4195
229	3	8910
229	4	260
229	5	6910
229	6	5255
229	7	6785
229	8	1070
229	9	1765
229	10	6345
229	11	8790
229	12	3330
229	13	475
229	14	1440
229	15	3385
229	16	7805
229	17	740
229	18	9610
229	19	5405
230	0	8645
230	1	1520
230	2	6280
230	3	2730
230	4	4020
230	5	9695
230	6	4685
230	7	8830
230	8	2060
230	9	9345
230	10	1935
230	11	3100
230	12	8910
230	13	4325
230	14	2890
230	15	3090
230	16	7505
230	17	4655
230	18	5650
230	19	3705
